Parameters,Distance
"(5, 50, 0.5, 1.0, 0.1)",17349.54250697007
"(5, 50, 0.5, 1.0, 0.3)",12154.43528401319
"(5, 50, 0.5, 1.0, 0.5)",11815.812585955631
"(5, 50, 0.5, 1.0, 0.7)",10975.244482957025
"(5, 50, 0.5, 1.0, 0.9)",11971.36901552601
"(5, 50, 0.5, 2.0, 0.1)",12224.577643215593
"(5, 50, 0.5, 2.0, 0.3)",9239.72918492209
"(5, 50, 0.5, 2.0, 0.5)",8733.180996629566
"(5, 50, 0.5, 2.0, 0.7)",8930.159805196488
"(5, 50, 0.5, 2.0, 0.9)",9475.667032483794
"(5, 50, 0.5, 3.0, 0.1)",10279.826890742246
"(5, 50, 0.5, 3.0, 0.3)",9094.155578889831
"(5, 50, 0.5, 3.0, 0.5)",8855.857557190644
"(5, 50, 0.5, 3.0, 0.7)",8747.286108843697
"(5, 50, 0.5, 3.0, 0.9)",8533.525847646697
"(5, 50, 0.5, 4.0, 0.1)",8388.118241769214
"(5, 50, 0.5, 4.0, 0.3)",8619.756906413211
"(5, 50, 0.5, 4.0, 0.5)",8144.978046154638
"(5, 50, 0.5, 4.0, 0.7)",8379.020542660943
"(5, 50, 0.5, 4.0, 0.9)",8459.792511362088
"(5, 50, 0.5, 5.0, 0.1)",8632.466842448011
"(5, 50, 0.5, 5.0, 0.3)",8336.642182250624
"(5, 50, 0.5, 5.0, 0.5)",8188.144315807092
"(5, 50, 0.5, 5.0, 0.7)",8073.751389562102
"(5, 50, 0.5, 5.0, 0.9)",8287.18895005139
"(5, 50, 1.0, 1.0, 0.1)",16492.092506525805
"(5, 50, 1.0, 1.0, 0.3)",10574.967844924622
"(5, 50, 1.0, 1.0, 0.5)",10743.29143834683
"(5, 50, 1.0, 1.0, 0.7)",10233.929820339401
"(5, 50, 1.0, 1.0, 0.9)",11128.033907427252
"(5, 50, 1.0, 2.0, 0.1)",11284.339404202634
"(5, 50, 1.0, 2.0, 0.3)",8865.76347611944
"(5, 50, 1.0, 2.0, 0.5)",8413.782044730578
"(5, 50, 1.0, 2.0, 0.7)",8735.354275230318
"(5, 50, 1.0, 2.0, 0.9)",9039.198337035263
"(5, 50, 1.0, 3.0, 0.1)",9133.186360437845
"(5, 50, 1.0, 3.0, 0.3)",8327.827039072205
"(5, 50, 1.0, 3.0, 0.5)",8035.458255833838
"(5, 50, 1.0, 3.0, 0.7)",8375.42234851923
"(5, 50, 1.0, 3.0, 0.9)",8779.06059898772
"(5, 50, 1.0, 4.0, 0.1)",8694.268382110316
"(5, 50, 1.0, 4.0, 0.3)",8074.857023074277
"(5, 50, 1.0, 4.0, 0.5)",8356.648123700867
"(5, 50, 1.0, 4.0, 0.7)",8675.90639181538
"(5, 50, 1.0, 4.0, 0.9)",9067.056158045187
"(5, 50, 1.0, 5.0, 0.1)",8325.606909082844
"(5, 50, 1.0, 5.0, 0.3)",7929.54434506014
"(5, 50, 1.0, 5.0, 0.5)",7901.25964852756
"(5, 50, 1.0, 5.0, 0.7)",8910.79501818378
"(5, 50, 1.0, 5.0, 0.9)",8293.36675025971
"(5, 50, 1.5, 1.0, 0.1)",14463.87415942847
"(5, 50, 1.5, 1.0, 0.3)",10025.588284158745
"(5, 50, 1.5, 1.0, 0.5)",10696.678923630725
"(5, 50, 1.5, 1.0, 0.7)",12104.08946919131
"(5, 50, 1.5, 1.0, 0.9)",11523.108165303205
"(5, 50, 1.5, 2.0, 0.1)",9402.946083895818
"(5, 50, 1.5, 2.0, 0.3)",9642.041686633462
"(5, 50, 1.5, 2.0, 0.5)",9237.065282255979
"(5, 50, 1.5, 2.0, 0.7)",9794.056841358724
"(5, 50, 1.5, 2.0, 0.9)",10138.854368960721
"(5, 50, 1.5, 3.0, 0.1)",8475.575651275893
"(5, 50, 1.5, 3.0, 0.3)",8453.090840114493
"(5, 50, 1.5, 3.0, 0.5)",9121.456011964443
"(5, 50, 1.5, 3.0, 0.7)",8837.37167547241
"(5, 50, 1.5, 3.0, 0.9)",9382.985492697038
"(5, 50, 1.5, 4.0, 0.1)",8720.114822044388
"(5, 50, 1.5, 4.0, 0.3)",8258.928490680899
"(5, 50, 1.5, 4.0, 0.5)",8447.672954931259
"(5, 50, 1.5, 4.0, 0.7)",8747.480569286325
"(5, 50, 1.5, 4.0, 0.9)",8641.450113470102
"(5, 50, 1.5, 5.0, 0.1)",8456.235920825098
"(5, 50, 1.5, 5.0, 0.3)",7941.684590068915
"(5, 50, 1.5, 5.0, 0.5)",8458.64494400143
"(5, 50, 1.5, 5.0, 0.7)",8251.40648012014
"(5, 50, 1.5, 5.0, 0.9)",8655.740275118853
"(5, 50, 2.0, 1.0, 0.1)",14495.781274725397
"(5, 50, 2.0, 1.0, 0.3)",9689.337102709802
"(5, 50, 2.0, 1.0, 0.5)",11647.437126056246
"(5, 50, 2.0, 1.0, 0.7)",11963.433143528564
"(5, 50, 2.0, 1.0, 0.9)",13857.904050673607
"(5, 50, 2.0, 2.0, 0.1)",9433.486426246556
"(5, 50, 2.0, 2.0, 0.3)",8743.044798572131
"(5, 50, 2.0, 2.0, 0.5)",9580.739791999724
"(5, 50, 2.0, 2.0, 0.7)",10259.333252166134
"(5, 50, 2.0, 2.0, 0.9)",10343.45613866821
"(5, 50, 2.0, 3.0, 0.1)",8781.416610901091
"(5, 50, 2.0, 3.0, 0.3)",7974.171488490088
"(5, 50, 2.0, 3.0, 0.5)",8297.418108290964
"(5, 50, 2.0, 3.0, 0.7)",8894.616249563378
"(5, 50, 2.0, 3.0, 0.9)",9539.814257537573
"(5, 50, 2.0, 4.0, 0.1)",8322.551463321475
"(5, 50, 2.0, 4.0, 0.3)",8300.862766267164
"(5, 50, 2.0, 4.0, 0.5)",8203.050589901095
"(5, 50, 2.0, 4.0, 0.7)",9068.493275186203
"(5, 50, 2.0, 4.0, 0.9)",8168.961471735896
"(5, 50, 2.0, 5.0, 0.1)",8077.3910395742105
"(5, 50, 2.0, 5.0, 0.3)",8545.084081975583
"(5, 50, 2.0, 5.0, 0.5)",8699.072822544287
"(5, 50, 2.0, 5.0, 0.7)",8256.584699602116
"(5, 50, 2.0, 5.0, 0.9)",8767.772335691621
"(5, 100, 0.5, 1.0, 0.1)",13951.80901267394
"(5, 100, 0.5, 1.0, 0.3)",11490.62020639997
"(5, 100, 0.5, 1.0, 0.5)",11137.735190171416
"(5, 100, 0.5, 1.0, 0.7)",10975.244482957025
"(5, 100, 0.5, 1.0, 0.9)",11785.307611650387
"(5, 100, 0.5, 2.0, 0.1)",10118.846750308621
"(5, 100, 0.5, 2.0, 0.3)",9239.72918492209
"(5, 100, 0.5, 2.0, 0.5)",8733.180996629566
"(5, 100, 0.5, 2.0, 0.7)",8930.159805196488
"(5, 100, 0.5, 2.0, 0.9)",9354.331334087252
"(5, 100, 0.5, 3.0, 0.1)",8931.55022426488
"(5, 100, 0.5, 3.0, 0.3)",8804.0060170384
"(5, 100, 0.5, 3.0, 0.5)",8855.857557190644
"(5, 100, 0.5, 3.0, 0.7)",8747.286108843697
"(5, 100, 0.5, 3.0, 0.9)",8533.525847646697
"(5, 100, 0.5, 4.0, 0.1)",8388.118241769214
"(5, 100, 0.5, 4.0, 0.3)",8440.208227406692
"(5, 100, 0.5, 4.0, 0.5)",8144.978046154638
"(5, 100, 0.5, 4.0, 0.7)",8379.020542660943
"(5, 100, 0.5, 4.0, 0.9)",8459.792511362088
"(5, 100, 0.5, 5.0, 0.1)",8155.006549794262
"(5, 100, 0.5, 5.0, 0.3)",7915.29185682266
"(5, 100, 0.5, 5.0, 0.5)",8105.28620694254
"(5, 100, 0.5, 5.0, 0.7)",7802.838019943782
"(5, 100, 0.5, 5.0, 0.9)",8287.18895005139
"(5, 100, 1.0, 1.0, 0.1)",10496.981259132568
"(5, 100, 1.0, 1.0, 0.3)",9658.177883299579
"(5, 100, 1.0, 1.0, 0.5)",9648.957338612116
"(5, 100, 1.0, 1.0, 0.7)",10233.929820339401
"(5, 100, 1.0, 1.0, 0.9)",10799.805613537595
"(5, 100, 1.0, 2.0, 0.1)",8788.050787956821
"(5, 100, 1.0, 2.0, 0.3)",8680.476644163047
"(5, 100, 1.0, 2.0, 0.5)",8413.782044730573
"(5, 100, 1.0, 2.0, 0.7)",8735.354275230318
"(5, 100, 1.0, 2.0, 0.9)",9039.198337035263
"(5, 100, 1.0, 3.0, 0.1)",8261.459531418666
"(5, 100, 1.0, 3.0, 0.3)",7872.594548539444
"(5, 100, 1.0, 3.0, 0.5)",8035.458255833838
"(5, 100, 1.0, 3.0, 0.7)",8375.42234851923
"(5, 100, 1.0, 3.0, 0.9)",8779.06059898772
"(5, 100, 1.0, 4.0, 0.1)",7859.778458335289
"(5, 100, 1.0, 4.0, 0.3)",8074.857023074277
"(5, 100, 1.0, 4.0, 0.5)",8356.648123700867
"(5, 100, 1.0, 4.0, 0.7)",8488.643616706418
"(5, 100, 1.0, 4.0, 0.9)",9067.056158045187
"(5, 100, 1.0, 5.0, 0.1)",7663.585128495864
"(5, 100, 1.0, 5.0, 0.3)",7929.54434506014
"(5, 100, 1.0, 5.0, 0.5)",7901.25964852756
"(5, 100, 1.0, 5.0, 0.7)",8883.356016101307
"(5, 100, 1.0, 5.0, 0.9)",8293.36675025971
"(5, 100, 1.5, 1.0, 0.1)",9168.882644715288
"(5, 100, 1.5, 1.0, 0.3)",10025.588284158745
"(5, 100, 1.5, 1.0, 0.5)",10696.678923630725
"(5, 100, 1.5, 1.0, 0.7)",12104.08946919131
"(5, 100, 1.5, 1.0, 0.9)",11523.108165303205
"(5, 100, 1.5, 2.0, 0.1)",7749.356380052363
"(5, 100, 1.5, 2.0, 0.3)",9642.041686633462
"(5, 100, 1.5, 2.0, 0.5)",9237.065282255979
"(5, 100, 1.5, 2.0, 0.7)",9794.056841358724
"(5, 100, 1.5, 2.0, 0.9)",10138.854368960721
"(5, 100, 1.5, 3.0, 0.1)",8079.800582854603
"(5, 100, 1.5, 3.0, 0.3)",8453.090840114493
"(5, 100, 1.5, 3.0, 0.5)",9121.456011964443
"(5, 100, 1.5, 3.0, 0.7)",8837.37167547241
"(5, 100, 1.5, 3.0, 0.9)",9382.985492697037
"(5, 100, 1.5, 4.0, 0.1)",7663.585128495864
"(5, 100, 1.5, 4.0, 0.3)",8258.928490680899
"(5, 100, 1.5, 4.0, 0.5)",8447.672954931259
"(5, 100, 1.5, 4.0, 0.7)",8747.480569286325
"(5, 100, 1.5, 4.0, 0.9)",8598.68379715849
"(5, 100, 1.5, 5.0, 0.1)",7915.29185682266
"(5, 100, 1.5, 5.0, 0.3)",7941.684590068915
"(5, 100, 1.5, 5.0, 0.5)",8458.64494400143
"(5, 100, 1.5, 5.0, 0.7)",8251.40648012014
"(5, 100, 1.5, 5.0, 0.9)",8655.740275118853
"(5, 100, 2.0, 1.0, 0.1)",9035.911949046991
"(5, 100, 2.0, 1.0, 0.3)",9689.337102709802
"(5, 100, 2.0, 1.0, 0.5)",11604.689785376248
"(5, 100, 2.0, 1.0, 0.7)",11963.433143528564
"(5, 100, 2.0, 1.0, 0.9)",13857.904050673607
"(5, 100, 2.0, 2.0, 0.1)",8506.543908267187
"(5, 100, 2.0, 2.0, 0.3)",8743.044798572131
"(5, 100, 2.0, 2.0, 0.5)",9580.739791999722
"(5, 100, 2.0, 2.0, 0.7)",10259.333252166134
"(5, 100, 2.0, 2.0, 0.9)",10343.45613866821
"(5, 100, 2.0, 3.0, 0.1)",8284.748808094813
"(5, 100, 2.0, 3.0, 0.3)",7974.171488490088
"(5, 100, 2.0, 3.0, 0.5)",8297.418108290964
"(5, 100, 2.0, 3.0, 0.7)",8894.616249563378
"(5, 100, 2.0, 3.0, 0.9)",9448.344696941505
"(5, 100, 2.0, 4.0, 0.1)",8322.551463321475
"(5, 100, 2.0, 4.0, 0.3)",8300.862766267164
"(5, 100, 2.0, 4.0, 0.5)",8203.050589901095
"(5, 100, 2.0, 4.0, 0.7)",9068.493275186203
"(5, 100, 2.0, 4.0, 0.9)",8168.961471735896
"(5, 100, 2.0, 5.0, 0.1)",8077.3910395742105
"(5, 100, 2.0, 5.0, 0.3)",8380.007605389143
"(5, 100, 2.0, 5.0, 0.5)",8699.072822544287
"(5, 100, 2.0, 5.0, 0.7)",8256.584699602116
"(5, 100, 2.0, 5.0, 0.9)",8767.772335691621
"(5, 200, 0.5, 1.0, 0.1)",12347.434371163874
"(5, 200, 0.5, 1.0, 0.3)",11490.62020639997
"(5, 200, 0.5, 1.0, 0.5)",11063.984936437002
"(5, 200, 0.5, 1.0, 0.7)",10975.244482957025
"(5, 200, 0.5, 1.0, 0.9)",11785.307611650387
"(5, 200, 0.5, 2.0, 0.1)",9251.484130561534
"(5, 200, 0.5, 2.0, 0.3)",9027.185829215081
"(5, 200, 0.5, 2.0, 0.5)",8733.180996629566
"(5, 200, 0.5, 2.0, 0.7)",8930.159805196488
"(5, 200, 0.5, 2.0, 0.9)",9150.221100566594
"(5, 200, 0.5, 3.0, 0.1)",8556.434896154959
"(5, 200, 0.5, 3.0, 0.3)",8329.17640406171
"(5, 200, 0.5, 3.0, 0.5)",8367.382540022327
"(5, 200, 0.5, 3.0, 0.7)",8144.409974878708
"(5, 200, 0.5, 3.0, 0.9)",8201.638788582215
"(5, 200, 0.5, 4.0, 0.1)",8290.373720279744
"(5, 200, 0.5, 4.0, 0.3)",8272.309626103865
"(5, 200, 0.5, 4.0, 0.5)",8144.978046154638
"(5, 200, 0.5, 4.0, 0.7)",8379.020542660943
"(5, 200, 0.5, 4.0, 0.9)",8459.792511362088
"(5, 200, 0.5, 5.0, 0.1)",8013.697499876291
"(5, 200, 0.5, 5.0, 0.3)",7681.45365625258
"(5, 200, 0.5, 5.0, 0.5)",8041.485236412492
"(5, 200, 0.5, 5.0, 0.7)",7802.838019943782
"(5, 200, 0.5, 5.0, 0.9)",8287.18895005139
"(5, 200, 1.0, 1.0, 0.1)",9194.4993526822
"(5, 200, 1.0, 1.0, 0.3)",8883.18075362748
"(5, 200, 1.0, 1.0, 0.5)",9444.765154371855
"(5, 200, 1.0, 1.0, 0.7)",9343.617426417171
"(5, 200, 1.0, 1.0, 0.9)",10799.805613537595
"(5, 200, 1.0, 2.0, 0.1)",8162.439482442619
"(5, 200, 1.0, 2.0, 0.3)",8680.476644163047
"(5, 200, 1.0, 2.0, 0.5)",8331.000896108724
"(5, 200, 1.0, 2.0, 0.7)",8729.61488622454
"(5, 200, 1.0, 2.0, 0.9)",9039.198337035263
"(5, 200, 1.0, 3.0, 0.1)",7847.396817420324
"(5, 200, 1.0, 3.0, 0.3)",7872.594548539444
"(5, 200, 1.0, 3.0, 0.5)",8035.458255833838
"(5, 200, 1.0, 3.0, 0.7)",8375.42234851923
"(5, 200, 1.0, 3.0, 0.9)",8779.06059898772
"(5, 200, 1.0, 4.0, 0.1)",7777.1505488278535
"(5, 200, 1.0, 4.0, 0.3)",7951.834491593322
"(5, 200, 1.0, 4.0, 0.5)",8356.648123700867
"(5, 200, 1.0, 4.0, 0.7)",8488.643616706418
"(5, 200, 1.0, 4.0, 0.9)",9067.056158045187
"(5, 200, 1.0, 5.0, 0.1)",7663.585128495864
"(5, 200, 1.0, 5.0, 0.3)",7929.54434506014
"(5, 200, 1.0, 5.0, 0.5)",7901.25964852756
"(5, 200, 1.0, 5.0, 0.7)",8883.356016101307
"(5, 200, 1.0, 5.0, 0.9)",8293.36675025971
"(5, 200, 1.5, 1.0, 0.1)",8782.174070730664
"(5, 200, 1.5, 1.0, 0.3)",10025.588284158745
"(5, 200, 1.5, 1.0, 0.5)",10696.678923630725
"(5, 200, 1.5, 1.0, 0.7)",12104.08946919131
"(5, 200, 1.5, 1.0, 0.9)",11523.108165303205
"(5, 200, 1.5, 2.0, 0.1)",7749.356380052363
"(5, 200, 1.5, 2.0, 0.3)",9642.041686633462
"(5, 200, 1.5, 2.0, 0.5)",9237.065282255979
"(5, 200, 1.5, 2.0, 0.7)",9794.056841358724
"(5, 200, 1.5, 2.0, 0.9)",10138.854368960721
"(5, 200, 1.5, 3.0, 0.1)",8013.310959870256
"(5, 200, 1.5, 3.0, 0.3)",8453.090840114493
"(5, 200, 1.5, 3.0, 0.5)",9121.456011964443
"(5, 200, 1.5, 3.0, 0.7)",8837.37167547241
"(5, 200, 1.5, 3.0, 0.9)",9382.985492697037
"(5, 200, 1.5, 4.0, 0.1)",7663.585128495864
"(5, 200, 1.5, 4.0, 0.3)",8258.928490680899
"(5, 200, 1.5, 4.0, 0.5)",8447.672954931259
"(5, 200, 1.5, 4.0, 0.7)",8747.480569286325
"(5, 200, 1.5, 4.0, 0.9)",8598.68379715849
"(5, 200, 1.5, 5.0, 0.1)",7915.29185682266
"(5, 200, 1.5, 5.0, 0.3)",7941.684590068915
"(5, 200, 1.5, 5.0, 0.5)",8458.64494400143
"(5, 200, 1.5, 5.0, 0.7)",8251.40648012014
"(5, 200, 1.5, 5.0, 0.9)",8655.740275118853
"(5, 200, 2.0, 1.0, 0.1)",8862.178135465327
"(5, 200, 2.0, 1.0, 0.3)",9689.337102709802
"(5, 200, 2.0, 1.0, 0.5)",11604.689785376248
"(5, 200, 2.0, 1.0, 0.7)",11963.433143528564
"(5, 200, 2.0, 1.0, 0.9)",13857.904050673607
"(5, 200, 2.0, 2.0, 0.1)",8506.543908267186
"(5, 200, 2.0, 2.0, 0.3)",8743.044798572131
"(5, 200, 2.0, 2.0, 0.5)",9580.739791999722
"(5, 200, 2.0, 2.0, 0.7)",10259.333252166134
"(5, 200, 2.0, 2.0, 0.9)",10343.45613866821
"(5, 200, 2.0, 3.0, 0.1)",8284.748808094813
"(5, 200, 2.0, 3.0, 0.3)",7974.171488490088
"(5, 200, 2.0, 3.0, 0.5)",8297.418108290964
"(5, 200, 2.0, 3.0, 0.7)",8894.616249563378
"(5, 200, 2.0, 3.0, 0.9)",9448.344696941505
"(5, 200, 2.0, 4.0, 0.1)",8322.551463321475
"(5, 200, 2.0, 4.0, 0.3)",8300.862766267164
"(5, 200, 2.0, 4.0, 0.5)",8203.050589901095
"(5, 200, 2.0, 4.0, 0.7)",8998.578631765668
"(5, 200, 2.0, 4.0, 0.9)",8168.961471735896
"(5, 200, 2.0, 5.0, 0.1)",8077.3910395742105
"(5, 200, 2.0, 5.0, 0.3)",8380.007605389143
"(5, 200, 2.0, 5.0, 0.5)",8699.072822544287
"(5, 200, 2.0, 5.0, 0.7)",8256.584699602116
"(5, 200, 2.0, 5.0, 0.9)",8767.772335691621
"(10, 50, 0.5, 1.0, 0.1)",16442.414261899223
"(10, 50, 0.5, 1.0, 0.3)",12628.922998946475
"(10, 50, 0.5, 1.0, 0.5)",10952.666224039007
"(10, 50, 0.5, 1.0, 0.7)",11341.071283792071
"(10, 50, 0.5, 1.0, 0.9)",11731.619993216804
"(10, 50, 0.5, 2.0, 0.1)",11552.74326332634
"(10, 50, 0.5, 2.0, 0.3)",8446.70542069315
"(10, 50, 0.5, 2.0, 0.5)",9282.960380971253
"(10, 50, 0.5, 2.0, 0.7)",8965.768078746585
"(10, 50, 0.5, 2.0, 0.9)",9059.38733787943
"(10, 50, 0.5, 3.0, 0.1)",9756.217335628011
"(10, 50, 0.5, 3.0, 0.3)",8616.171018264195
"(10, 50, 0.5, 3.0, 0.5)",8054.820875038536
"(10, 50, 0.5, 3.0, 0.7)",8091.746823448403
"(10, 50, 0.5, 3.0, 0.9)",8561.066454439951
"(10, 50, 0.5, 4.0, 0.1)",8953.026410892997
"(10, 50, 0.5, 4.0, 0.3)",8367.929948422152
"(10, 50, 0.5, 4.0, 0.5)",8054.262682729621
"(10, 50, 0.5, 4.0, 0.7)",8355.583444976724
"(10, 50, 0.5, 4.0, 0.9)",7859.778458335289
"(10, 50, 0.5, 5.0, 0.1)",8462.192317413994
"(10, 50, 0.5, 5.0, 0.3)",8046.4009597683225
"(10, 50, 0.5, 5.0, 0.5)",8100.703568269502
"(10, 50, 0.5, 5.0, 0.7)",8022.465237542725
"(10, 50, 0.5, 5.0, 0.9)",8205.961274317508
"(10, 50, 1.0, 1.0, 0.1)",15494.197171267924
"(10, 50, 1.0, 1.0, 0.3)",9497.641697093646
"(10, 50, 1.0, 1.0, 0.5)",9967.071645214572
"(10, 50, 1.0, 1.0, 0.7)",10204.786114813327
"(10, 50, 1.0, 1.0, 0.9)",9747.464267588035
"(10, 50, 1.0, 2.0, 0.1)",9746.033260239958
"(10, 50, 1.0, 2.0, 0.3)",7833.809926547631
"(10, 50, 1.0, 2.0, 0.5)",8718.456351192588
"(10, 50, 1.0, 2.0, 0.7)",8236.094268828658
"(10, 50, 1.0, 2.0, 0.9)",8785.321102115515
"(10, 50, 1.0, 3.0, 0.1)",8173.538544997425
"(10, 50, 1.0, 3.0, 0.3)",8021.853789433081
"(10, 50, 1.0, 3.0, 0.5)",8355.13987753593
"(10, 50, 1.0, 3.0, 0.7)",8420.074490260604
"(10, 50, 1.0, 3.0, 0.9)",7870.74109237454
"(10, 50, 1.0, 4.0, 0.1)",8459.941915106609
"(10, 50, 1.0, 4.0, 0.3)",8289.18741319628
"(10, 50, 1.0, 4.0, 0.5)",8397.413869916363
"(10, 50, 1.0, 4.0, 0.7)",8659.056255566507
"(10, 50, 1.0, 4.0, 0.9)",8452.737559072813
"(10, 50, 1.0, 5.0, 0.1)",8565.076581168725
"(10, 50, 1.0, 5.0, 0.3)",7915.29185682266
"(10, 50, 1.0, 5.0, 0.5)",8186.474142722502
"(10, 50, 1.0, 5.0, 0.7)",7980.52214675778
"(10, 50, 1.0, 5.0, 0.9)",8019.372820280619
"(10, 50, 1.5, 1.0, 0.1)",11650.00218793346
"(10, 50, 1.5, 1.0, 0.3)",9000.903881991811
"(10, 50, 1.5, 1.0, 0.5)",9372.671688259881
"(10, 50, 1.5, 1.0, 0.7)",9229.201479978808
"(10, 50, 1.5, 1.0, 0.9)",11106.185688507087
"(10, 50, 1.5, 2.0, 0.1)",9091.563185744693
"(10, 50, 1.5, 2.0, 0.3)",8427.064236732725
"(10, 50, 1.5, 2.0, 0.5)",8933.103750764283
"(10, 50, 1.5, 2.0, 0.7)",8606.182158879794
"(10, 50, 1.5, 2.0, 0.9)",9662.218343384433
"(10, 50, 1.5, 3.0, 0.1)",8548.440628243918
"(10, 50, 1.5, 3.0, 0.3)",8046.914889071348
"(10, 50, 1.5, 3.0, 0.5)",8035.822494974437
"(10, 50, 1.5, 3.0, 0.7)",8352.226642660651
"(10, 50, 1.5, 3.0, 0.9)",8817.799791673002
"(10, 50, 1.5, 4.0, 0.1)",7859.778458335289
"(10, 50, 1.5, 4.0, 0.3)",8004.9989240307505
"(10, 50, 1.5, 4.0, 0.5)",7870.380343188665
"(10, 50, 1.5, 4.0, 0.7)",8045.104864848531
"(10, 50, 1.5, 4.0, 0.9)",8064.240797402462
"(10, 50, 1.5, 5.0, 0.1)",7693.387514735288
"(10, 50, 1.5, 5.0, 0.3)",8093.352348459832
"(10, 50, 1.5, 5.0, 0.5)",7787.013335786751
"(10, 50, 1.5, 5.0, 0.7)",8277.807932450329
"(10, 50, 1.5, 5.0, 0.9)",8892.424202624854
"(10, 50, 2.0, 1.0, 0.1)",8663.498308687596
"(10, 50, 2.0, 1.0, 0.3)",9159.544071845517
"(10, 50, 2.0, 1.0, 0.5)",10764.141841166756
"(10, 50, 2.0, 1.0, 0.7)",9781.09588062551
"(10, 50, 2.0, 1.0, 0.9)",11073.601886417342
"(10, 50, 2.0, 2.0, 0.1)",8766.220057888755
"(10, 50, 2.0, 2.0, 0.3)",8700.81387564268
"(10, 50, 2.0, 2.0, 0.5)",8901.199943236821
"(10, 50, 2.0, 2.0, 0.7)",8921.25066920532
"(10, 50, 2.0, 2.0, 0.9)",9960.271302210747
"(10, 50, 2.0, 3.0, 0.1)",8289.216796590614
"(10, 50, 2.0, 3.0, 0.3)",8025.794148198724
"(10, 50, 2.0, 3.0, 0.5)",8409.547023210633
"(10, 50, 2.0, 3.0, 0.7)",8594.948134081584
"(10, 50, 2.0, 3.0, 0.9)",9149.490073933208
"(10, 50, 2.0, 4.0, 0.1)",7859.778458335289
"(10, 50, 2.0, 4.0, 0.3)",8210.614272944998
"(10, 50, 2.0, 4.0, 0.5)",8386.832639828554
"(10, 50, 2.0, 4.0, 0.7)",8566.612513112725
"(10, 50, 2.0, 4.0, 0.9)",8473.299726511226
"(10, 50, 2.0, 5.0, 0.1)",7915.29185682266
"(10, 50, 2.0, 5.0, 0.3)",8184.450161958206
"(10, 50, 2.0, 5.0, 0.5)",7964.646676400222
"(10, 50, 2.0, 5.0, 0.7)",8410.227244128466
"(10, 50, 2.0, 5.0, 0.9)",8607.08547155217
"(10, 100, 0.5, 1.0, 0.1)",13599.31364597684
"(10, 100, 0.5, 1.0, 0.3)",11684.190993732576
"(10, 100, 0.5, 1.0, 0.5)",10952.666224039007
"(10, 100, 0.5, 1.0, 0.7)",11341.071283792071
"(10, 100, 0.5, 1.0, 0.9)",11578.969127677916
"(10, 100, 0.5, 2.0, 0.1)",9950.05164096194
"(10, 100, 0.5, 2.0, 0.3)",8446.70542069315
"(10, 100, 0.5, 2.0, 0.5)",8905.363717843467
"(10, 100, 0.5, 2.0, 0.7)",8746.09615779366
"(10, 100, 0.5, 2.0, 0.9)",8855.830089703104
"(10, 100, 0.5, 3.0, 0.1)",8749.659945930756
"(10, 100, 0.5, 3.0, 0.3)",8451.936747708742
"(10, 100, 0.5, 3.0, 0.5)",8042.34205938512
"(10, 100, 0.5, 3.0, 0.7)",8091.746823448403
"(10, 100, 0.5, 3.0, 0.9)",8532.339633974554
"(10, 100, 0.5, 4.0, 0.1)",8355.474646552493
"(10, 100, 0.5, 4.0, 0.3)",7644.689602599455
"(10, 100, 0.5, 4.0, 0.5)",8054.262682729621
"(10, 100, 0.5, 4.0, 0.7)",8265.17430250171
"(10, 100, 0.5, 4.0, 0.9)",7859.778458335289
"(10, 100, 0.5, 5.0, 0.1)",8288.476128097975
"(10, 100, 0.5, 5.0, 0.3)",8046.4009597683225
"(10, 100, 0.5, 5.0, 0.5)",7966.92416370393
"(10, 100, 0.5, 5.0, 0.7)",7952.845696595692
"(10, 100, 0.5, 5.0, 0.9)",7977.4162739878175
"(10, 100, 1.0, 1.0, 0.1)",10109.923750335061
"(10, 100, 1.0, 1.0, 0.3)",8881.457207190308
"(10, 100, 1.0, 1.0, 0.5)",9271.072873536234
"(10, 100, 1.0, 1.0, 0.7)",9529.769083909754
"(10, 100, 1.0, 1.0, 0.9)",9286.537422392292
"(10, 100, 1.0, 2.0, 0.1)",8221.000306227346
"(10, 100, 1.0, 2.0, 0.3)",7833.809926547631
"(10, 100, 1.0, 2.0, 0.5)",8704.856331045195
"(10, 100, 1.0, 2.0, 0.7)",8236.094268828658
"(10, 100, 1.0, 2.0, 0.9)",8622.391200036574
"(10, 100, 1.0, 3.0, 0.1)",8062.12966546709
"(10, 100, 1.0, 3.0, 0.3)",7644.689602599455
"(10, 100, 1.0, 3.0, 0.5)",8355.13987753593
"(10, 100, 1.0, 3.0, 0.7)",8420.074490260604
"(10, 100, 1.0, 3.0, 0.9)",7870.74109237454
"(10, 100, 1.0, 4.0, 0.1)",8000.131867218708
"(10, 100, 1.0, 4.0, 0.3)",7999.823456286581
"(10, 100, 1.0, 4.0, 0.5)",8397.413869916363
"(10, 100, 1.0, 4.0, 0.7)",8285.947798605139
"(10, 100, 1.0, 4.0, 0.9)",8452.737559072813
"(10, 100, 1.0, 5.0, 0.1)",8093.648657807375
"(10, 100, 1.0, 5.0, 0.3)",7911.296999656545
"(10, 100, 1.0, 5.0, 0.5)",7598.442340904541
"(10, 100, 1.0, 5.0, 0.7)",7980.52214675778
"(10, 100, 1.0, 5.0, 0.9)",8019.372820280619
"(10, 100, 1.5, 1.0, 0.1)",8679.685463277558
"(10, 100, 1.5, 1.0, 0.3)",9000.903881991811
"(10, 100, 1.5, 1.0, 0.5)",9372.671688259881
"(10, 100, 1.5, 1.0, 0.7)",9229.201479978808
"(10, 100, 1.5, 1.0, 0.9)",11106.185688507087
"(10, 100, 1.5, 2.0, 0.1)",7681.749965600119
"(10, 100, 1.5, 2.0, 0.3)",8427.064236732725
"(10, 100, 1.5, 2.0, 0.5)",8933.103750764283
"(10, 100, 1.5, 2.0, 0.7)",8606.182158879794
"(10, 100, 1.5, 2.0, 0.9)",9662.218343384433
"(10, 100, 1.5, 3.0, 0.1)",8329.97889226569
"(10, 100, 1.5, 3.0, 0.3)",8046.914889071348
"(10, 100, 1.5, 3.0, 0.5)",8035.822494974436
"(10, 100, 1.5, 3.0, 0.7)",8352.22664266065
"(10, 100, 1.5, 3.0, 0.9)",8817.799791673002
"(10, 100, 1.5, 4.0, 0.1)",7859.778458335289
"(10, 100, 1.5, 4.0, 0.3)",8004.9989240307505
"(10, 100, 1.5, 4.0, 0.5)",7870.380343188665
"(10, 100, 1.5, 4.0, 0.7)",8045.104864848531
"(10, 100, 1.5, 4.0, 0.9)",8064.240797402462
"(10, 100, 1.5, 5.0, 0.1)",7693.387514735288
"(10, 100, 1.5, 5.0, 0.3)",8093.352348459832
"(10, 100, 1.5, 5.0, 0.5)",7787.013335786751
"(10, 100, 1.5, 5.0, 0.7)",8277.807932450329
"(10, 100, 1.5, 5.0, 0.9)",8783.717938548492
"(10, 100, 2.0, 1.0, 0.1)",8457.267578602874
"(10, 100, 2.0, 1.0, 0.3)",9159.544071845517
"(10, 100, 2.0, 1.0, 0.5)",10764.141841166756
"(10, 100, 2.0, 1.0, 0.7)",9781.09588062551
"(10, 100, 2.0, 1.0, 0.9)",11073.601886417342
"(10, 100, 2.0, 2.0, 0.1)",8615.911320920053
"(10, 100, 2.0, 2.0, 0.3)",8700.81387564268
"(10, 100, 2.0, 2.0, 0.5)",8901.199943236821
"(10, 100, 2.0, 2.0, 0.7)",8921.25066920532
"(10, 100, 2.0, 2.0, 0.9)",9960.271302210747
"(10, 100, 2.0, 3.0, 0.1)",8232.146609140793
"(10, 100, 2.0, 3.0, 0.3)",8025.794148198724
"(10, 100, 2.0, 3.0, 0.5)",8409.547023210633
"(10, 100, 2.0, 3.0, 0.7)",8594.948134081584
"(10, 100, 2.0, 3.0, 0.9)",9149.490073933208
"(10, 100, 2.0, 4.0, 0.1)",7859.778458335289
"(10, 100, 2.0, 4.0, 0.3)",8210.614272944998
"(10, 100, 2.0, 4.0, 0.5)",8386.832639828554
"(10, 100, 2.0, 4.0, 0.7)",8566.612513112725
"(10, 100, 2.0, 4.0, 0.9)",8473.299726511226
"(10, 100, 2.0, 5.0, 0.1)",7681.453656252581
"(10, 100, 2.0, 5.0, 0.3)",8184.450161958206
"(10, 100, 2.0, 5.0, 0.5)",7964.646676400222
"(10, 100, 2.0, 5.0, 0.7)",8410.227244128466
"(10, 100, 2.0, 5.0, 0.9)",8607.08547155217
"(10, 200, 0.5, 1.0, 0.1)",12209.89338292829
"(10, 200, 0.5, 1.0, 0.3)",11036.230956226385
"(10, 200, 0.5, 1.0, 0.5)",10952.666224039007
"(10, 200, 0.5, 1.0, 0.7)",11174.036401836576
"(10, 200, 0.5, 1.0, 0.9)",11499.107198325199
"(10, 200, 0.5, 2.0, 0.1)",9381.802394864426
"(10, 200, 0.5, 2.0, 0.3)",8446.70542069315
"(10, 200, 0.5, 2.0, 0.5)",8601.846547117075
"(10, 200, 0.5, 2.0, 0.7)",8694.501173134346
"(10, 200, 0.5, 2.0, 0.9)",8721.84764578462
"(10, 200, 0.5, 3.0, 0.1)",8612.93302546686
"(10, 200, 0.5, 3.0, 0.3)",8389.102729435626
"(10, 200, 0.5, 3.0, 0.5)",8042.34205938512
"(10, 200, 0.5, 3.0, 0.7)",7814.191652069084
"(10, 200, 0.5, 3.0, 0.9)",8157.072756874665
"(10, 200, 0.5, 4.0, 0.1)",8293.593191641514
"(10, 200, 0.5, 4.0, 0.3)",7644.689602599455
"(10, 200, 0.5, 4.0, 0.5)",8031.239322435709
"(10, 200, 0.5, 4.0, 0.7)",7571.954796355489
"(10, 200, 0.5, 4.0, 0.9)",7859.778458335289
"(10, 200, 0.5, 5.0, 0.1)",7986.32092816921
"(10, 200, 0.5, 5.0, 0.3)",8046.4009597683225
"(10, 200, 0.5, 5.0, 0.5)",7966.92416370393
"(10, 200, 0.5, 5.0, 0.7)",7952.845696595692
"(10, 200, 0.5, 5.0, 0.9)",7773.35773688644
"(10, 200, 1.0, 1.0, 0.1)",9067.549932586375
"(10, 200, 1.0, 1.0, 0.3)",8881.457207190308
"(10, 200, 1.0, 1.0, 0.5)",8745.821463116687
"(10, 200, 1.0, 1.0, 0.7)",9206.49267373531
"(10, 200, 1.0, 1.0, 0.9)",8418.712161137595
"(10, 200, 1.0, 2.0, 0.1)",7950.583162730642
"(10, 200, 1.0, 2.0, 0.3)",7732.662991157813
"(10, 200, 1.0, 2.0, 0.5)",8507.380633702613
"(10, 200, 1.0, 2.0, 0.7)",8236.094268828658
"(10, 200, 1.0, 2.0, 0.9)",8621.222927435281
"(10, 200, 1.0, 3.0, 0.1)",7681.453656252578
"(10, 200, 1.0, 3.0, 0.3)",7644.689602599455
"(10, 200, 1.0, 3.0, 0.5)",8355.13987753593
"(10, 200, 1.0, 3.0, 0.7)",8420.074490260604
"(10, 200, 1.0, 3.0, 0.9)",7870.74109237454
"(10, 200, 1.0, 4.0, 0.1)",7806.850748015629
"(10, 200, 1.0, 4.0, 0.3)",7681.453656252577
"(10, 200, 1.0, 4.0, 0.5)",8093.230583102907
"(10, 200, 1.0, 4.0, 0.7)",8285.947798605139
"(10, 200, 1.0, 4.0, 0.9)",8399.882135279275
"(10, 200, 1.0, 5.0, 0.1)",7973.454139685409
"(10, 200, 1.0, 5.0, 0.3)",7704.415742583886
"(10, 200, 1.0, 5.0, 0.5)",7555.401175071868
"(10, 200, 1.0, 5.0, 0.7)",7980.52214675778
"(10, 200, 1.0, 5.0, 0.9)",8019.372820280619
"(10, 200, 1.5, 1.0, 0.1)",8679.685463277558
"(10, 200, 1.5, 1.0, 0.3)",8515.226911420754
"(10, 200, 1.5, 1.0, 0.5)",9372.671688259881
"(10, 200, 1.5, 1.0, 0.7)",9229.201479978808
"(10, 200, 1.5, 1.0, 0.9)",11106.185688507087
"(10, 200, 1.5, 2.0, 0.1)",7681.749965600119
"(10, 200, 1.5, 2.0, 0.3)",8427.064236732725
"(10, 200, 1.5, 2.0, 0.5)",8933.103750764283
"(10, 200, 1.5, 2.0, 0.7)",8606.182158879794
"(10, 200, 1.5, 2.0, 0.9)",9662.218343384433
"(10, 200, 1.5, 3.0, 0.1)",8329.97889226569
"(10, 200, 1.5, 3.0, 0.3)",8046.914889071348
"(10, 200, 1.5, 3.0, 0.5)",8035.822494974436
"(10, 200, 1.5, 3.0, 0.7)",8352.22664266065
"(10, 200, 1.5, 3.0, 0.9)",8817.799791673002
"(10, 200, 1.5, 4.0, 0.1)",7859.778458335289
"(10, 200, 1.5, 4.0, 0.3)",8004.9989240307505
"(10, 200, 1.5, 4.0, 0.5)",7870.380343188665
"(10, 200, 1.5, 4.0, 0.7)",8045.104864848531
"(10, 200, 1.5, 4.0, 0.9)",8064.240797402462
"(10, 200, 1.5, 5.0, 0.1)",7693.387514735288
"(10, 200, 1.5, 5.0, 0.3)",8093.352348459832
"(10, 200, 1.5, 5.0, 0.5)",7787.013335786751
"(10, 200, 1.5, 5.0, 0.7)",8277.807932450329
"(10, 200, 1.5, 5.0, 0.9)",8575.308727617368
"(10, 200, 2.0, 1.0, 0.1)",8457.267578602874
"(10, 200, 2.0, 1.0, 0.3)",9159.544071845517
"(10, 200, 2.0, 1.0, 0.5)",10764.141841166756
"(10, 200, 2.0, 1.0, 0.7)",9781.09588062551
"(10, 200, 2.0, 1.0, 0.9)",11073.601886417342
"(10, 200, 2.0, 2.0, 0.1)",8615.911320920053
"(10, 200, 2.0, 2.0, 0.3)",8700.81387564268
"(10, 200, 2.0, 2.0, 0.5)",8901.199943236821
"(10, 200, 2.0, 2.0, 0.7)",8921.25066920532
"(10, 200, 2.0, 2.0, 0.9)",9960.271302210747
"(10, 200, 2.0, 3.0, 0.1)",8232.146609140793
"(10, 200, 2.0, 3.0, 0.3)",8025.794148198724
"(10, 200, 2.0, 3.0, 0.5)",8409.547023210633
"(10, 200, 2.0, 3.0, 0.7)",8594.948134081584
"(10, 200, 2.0, 3.0, 0.9)",9149.490073933208
"(10, 200, 2.0, 4.0, 0.1)",7859.778458335289
"(10, 200, 2.0, 4.0, 0.3)",8210.614272944998
"(10, 200, 2.0, 4.0, 0.5)",8386.832639828554
"(10, 200, 2.0, 4.0, 0.7)",8566.612513112725
"(10, 200, 2.0, 4.0, 0.9)",8473.299726511226
"(10, 200, 2.0, 5.0, 0.1)",7681.453656252581
"(10, 200, 2.0, 5.0, 0.3)",8184.450161958206
"(10, 200, 2.0, 5.0, 0.5)",7964.646676400222
"(10, 200, 2.0, 5.0, 0.7)",8410.227244128466
"(10, 200, 2.0, 5.0, 0.9)",8607.08547155217
"(20, 50, 0.5, 1.0, 0.1)",16138.09033710918
"(20, 50, 0.5, 1.0, 0.3)",12819.613790691716
"(20, 50, 0.5, 1.0, 0.5)",11452.416401350363
"(20, 50, 0.5, 1.0, 0.7)",10797.240086887608
"(20, 50, 0.5, 1.0, 0.9)",10799.747938041355
"(20, 50, 0.5, 2.0, 0.1)",10675.924532475015
"(20, 50, 0.5, 2.0, 0.3)",9516.572501314415
"(20, 50, 0.5, 2.0, 0.5)",8891.830426482875
"(20, 50, 0.5, 2.0, 0.7)",8953.283704876892
"(20, 50, 0.5, 2.0, 0.9)",8917.852582839065
"(20, 50, 0.5, 3.0, 0.1)",9023.422169334146
"(20, 50, 0.5, 3.0, 0.3)",8574.627655009848
"(20, 50, 0.5, 3.0, 0.5)",8567.213586608454
"(20, 50, 0.5, 3.0, 0.7)",8541.437052691528
"(20, 50, 0.5, 3.0, 0.9)",8157.265257400389
"(20, 50, 0.5, 4.0, 0.1)",8681.932999852948
"(20, 50, 0.5, 4.0, 0.3)",8389.367346572508
"(20, 50, 0.5, 4.0, 0.5)",8209.936291625523
"(20, 50, 0.5, 4.0, 0.7)",7803.802137494926
"(20, 50, 0.5, 4.0, 0.9)",7870.841638936924
"(20, 50, 0.5, 5.0, 0.1)",8246.717647464582
"(20, 50, 0.5, 5.0, 0.3)",7991.3947795322665
"(20, 50, 0.5, 5.0, 0.5)",7996.879225420504
"(20, 50, 0.5, 5.0, 0.7)",8046.4009597683225
"(20, 50, 0.5, 5.0, 0.9)",8093.648657807375
"(20, 50, 1.0, 1.0, 0.1)",12258.75822457376
"(20, 50, 1.0, 1.0, 0.3)",9237.931721060924
"(20, 50, 1.0, 1.0, 0.5)",9240.935478565065
"(20, 50, 1.0, 1.0, 0.7)",8664.26301041534
"(20, 50, 1.0, 1.0, 0.9)",9237.744714374352
"(20, 50, 1.0, 2.0, 0.1)",9523.974097485901
"(20, 50, 1.0, 2.0, 0.3)",8377.834996036061
"(20, 50, 1.0, 2.0, 0.5)",8510.668574774298
"(20, 50, 1.0, 2.0, 0.7)",8118.324036125238
"(20, 50, 1.0, 2.0, 0.9)",8636.165160398537
"(20, 50, 1.0, 3.0, 0.1)",8365.487325610173
"(20, 50, 1.0, 3.0, 0.3)",8346.07751563507
"(20, 50, 1.0, 3.0, 0.5)",7644.689602599455
"(20, 50, 1.0, 3.0, 0.7)",7687.862121300267
"(20, 50, 1.0, 3.0, 0.9)",8355.621001917687
"(20, 50, 1.0, 4.0, 0.1)",8308.765146834046
"(20, 50, 1.0, 4.0, 0.3)",7834.506849979634
"(20, 50, 1.0, 4.0, 0.5)",7681.45365625258
"(20, 50, 1.0, 4.0, 0.7)",7644.689602599455
"(20, 50, 1.0, 4.0, 0.9)",7663.585128495864
"(20, 50, 1.0, 5.0, 0.1)",8119.675316902465
"(20, 50, 1.0, 5.0, 0.3)",7681.45365625258
"(20, 50, 1.0, 5.0, 0.5)",7681.45365625258
"(20, 50, 1.0, 5.0, 0.7)",8093.352348459832
"(20, 50, 1.0, 5.0, 0.9)",8110.77765085528
"(20, 50, 1.5, 1.0, 0.1)",9791.363236385558
"(20, 50, 1.5, 1.0, 0.3)",8535.181120192943
"(20, 50, 1.5, 1.0, 0.5)",9357.179938195304
"(20, 50, 1.5, 1.0, 0.7)",9271.633727783284
"(20, 50, 1.5, 1.0, 0.9)",9856.292852949031
"(20, 50, 1.5, 2.0, 0.1)",8579.026476202846
"(20, 50, 1.5, 2.0, 0.3)",8225.080098450522
"(20, 50, 1.5, 2.0, 0.5)",8524.497967359832
"(20, 50, 1.5, 2.0, 0.7)",8695.428495081826
"(20, 50, 1.5, 2.0, 0.9)",8577.429320724757
"(20, 50, 1.5, 3.0, 0.1)",8312.046615671945
"(20, 50, 1.5, 3.0, 0.3)",8184.358612627551
"(20, 50, 1.5, 3.0, 0.5)",7845.542123147414
"(20, 50, 1.5, 3.0, 0.7)",8183.362823832593
"(20, 50, 1.5, 3.0, 0.9)",8383.317062537664
"(20, 50, 1.5, 4.0, 0.1)",8093.648657807375
"(20, 50, 1.5, 4.0, 0.3)",8093.352348459832
"(20, 50, 1.5, 4.0, 0.5)",8093.352348459834
"(20, 50, 1.5, 4.0, 0.7)",8494.101028718094
"(20, 50, 1.5, 4.0, 0.9)",7787.013335786751
"(20, 50, 1.5, 5.0, 0.1)",8093.648657807375
"(20, 50, 1.5, 5.0, 0.3)",7681.45365625258
"(20, 50, 1.5, 5.0, 0.5)",7663.585128495864
"(20, 50, 1.5, 5.0, 0.7)",8149.782357126061
"(20, 50, 1.5, 5.0, 0.9)",8308.724972093913
"(20, 50, 2.0, 1.0, 0.1)",8916.480556063074
"(20, 50, 2.0, 1.0, 0.3)",8445.622053409481
"(20, 50, 2.0, 1.0, 0.5)",8652.159405134347
"(20, 50, 2.0, 1.0, 0.7)",10106.357793517278
"(20, 50, 2.0, 1.0, 0.9)",10144.949269118102
"(20, 50, 2.0, 2.0, 0.1)",8327.509797165936
"(20, 50, 2.0, 2.0, 0.3)",8640.250104627146
"(20, 50, 2.0, 2.0, 0.5)",8346.777089939918
"(20, 50, 2.0, 2.0, 0.7)",8279.424976657012
"(20, 50, 2.0, 2.0, 0.9)",7896.0413776273535
"(20, 50, 2.0, 3.0, 0.1)",7941.363554909862
"(20, 50, 2.0, 3.0, 0.3)",7999.427455002159
"(20, 50, 2.0, 3.0, 0.5)",8460.634650671785
"(20, 50, 2.0, 3.0, 0.7)",8160.641414023898
"(20, 50, 2.0, 3.0, 0.9)",8340.095739224578
"(20, 50, 2.0, 4.0, 0.1)",8093.352348459832
"(20, 50, 2.0, 4.0, 0.3)",8508.894307308916
"(20, 50, 2.0, 4.0, 0.5)",7886.258035954592
"(20, 50, 2.0, 4.0, 0.7)",7909.453533784649
"(20, 50, 2.0, 4.0, 0.9)",7969.463434233807
"(20, 50, 2.0, 5.0, 0.1)",7760.522805179508
"(20, 50, 2.0, 5.0, 0.3)",8093.352348459832
"(20, 50, 2.0, 5.0, 0.5)",7797.011165667667
"(20, 50, 2.0, 5.0, 0.7)",8337.596586478187
"(20, 50, 2.0, 5.0, 0.9)",7878.671528247394
"(20, 100, 0.5, 1.0, 0.1)",12746.018342123738
"(20, 100, 0.5, 1.0, 0.3)",11902.67910781289
"(20, 100, 0.5, 1.0, 0.5)",10452.308783465085
"(20, 100, 0.5, 1.0, 0.7)",10797.240086887608
"(20, 100, 0.5, 1.0, 0.9)",10799.747938041355
"(20, 100, 0.5, 2.0, 0.1)",9223.478751075849
"(20, 100, 0.5, 2.0, 0.3)",9321.52221173785
"(20, 100, 0.5, 2.0, 0.5)",8891.830426482875
"(20, 100, 0.5, 2.0, 0.7)",8867.521494682296
"(20, 100, 0.5, 2.0, 0.9)",8346.259283853318
"(20, 100, 0.5, 3.0, 0.1)",8783.183850152087
"(20, 100, 0.5, 3.0, 0.3)",8438.708672469022
"(20, 100, 0.5, 3.0, 0.5)",8262.663204792825
"(20, 100, 0.5, 3.0, 0.7)",8169.084001218147
"(20, 100, 0.5, 3.0, 0.9)",8157.265257400389
"(20, 100, 0.5, 4.0, 0.1)",8264.889582813204
"(20, 100, 0.5, 4.0, 0.3)",8219.659721842287
"(20, 100, 0.5, 4.0, 0.5)",8041.4664618158695
"(20, 100, 0.5, 4.0, 0.7)",7803.802137494926
"(20, 100, 0.5, 4.0, 0.9)",7870.841638936924
"(20, 100, 0.5, 5.0, 0.1)",7986.32092816921
"(20, 100, 0.5, 5.0, 0.3)",7991.3947795322665
"(20, 100, 0.5, 5.0, 0.5)",7935.79777476026
"(20, 100, 0.5, 5.0, 0.7)",7951.05367146582
"(20, 100, 0.5, 5.0, 0.9)",8027.13746439127
"(20, 100, 1.0, 1.0, 0.1)",8871.587416527349
"(20, 100, 1.0, 1.0, 0.3)",8915.250980541825
"(20, 100, 1.0, 1.0, 0.5)",8762.446919625792
"(20, 100, 1.0, 1.0, 0.7)",8664.26301041534
"(20, 100, 1.0, 1.0, 0.9)",8521.879706171161
"(20, 100, 1.0, 2.0, 0.1)",7968.68588423474
"(20, 100, 1.0, 2.0, 0.3)",7853.656982625257
"(20, 100, 1.0, 2.0, 0.5)",8128.943408136494
"(20, 100, 1.0, 2.0, 0.7)",8118.324036125238
"(20, 100, 1.0, 2.0, 0.9)",8592.090796040262
"(20, 100, 1.0, 3.0, 0.1)",7921.6326510754025
"(20, 100, 1.0, 3.0, 0.3)",7926.702203619851
"(20, 100, 1.0, 3.0, 0.5)",7644.689602599455
"(20, 100, 1.0, 3.0, 0.7)",7687.862121300267
"(20, 100, 1.0, 3.0, 0.9)",8355.621001917687
"(20, 100, 1.0, 4.0, 0.1)",7795.669632591322
"(20, 100, 1.0, 4.0, 0.3)",7834.506849979634
"(20, 100, 1.0, 4.0, 0.5)",7681.45365625258
"(20, 100, 1.0, 4.0, 0.7)",7644.689602599455
"(20, 100, 1.0, 4.0, 0.9)",7663.585128495864
"(20, 100, 1.0, 5.0, 0.1)",7669.987483412175
"(20, 100, 1.0, 5.0, 0.3)",7681.45365625258
"(20, 100, 1.0, 5.0, 0.5)",7681.45365625258
"(20, 100, 1.0, 5.0, 0.7)",8093.352348459831
"(20, 100, 1.0, 5.0, 0.9)",8110.77765085528
"(20, 100, 1.5, 1.0, 0.1)",7933.865241126738
"(20, 100, 1.5, 1.0, 0.3)",8535.181120192943
"(20, 100, 1.5, 1.0, 0.5)",9357.179938195304
"(20, 100, 1.5, 1.0, 0.7)",9271.633727783284
"(20, 100, 1.5, 1.0, 0.9)",9856.292852949031
"(20, 100, 1.5, 2.0, 0.1)",7789.457307719282
"(20, 100, 1.5, 2.0, 0.3)",8225.080098450522
"(20, 100, 1.5, 2.0, 0.5)",8524.497967359832
"(20, 100, 1.5, 2.0, 0.7)",8695.428495081826
"(20, 100, 1.5, 2.0, 0.9)",8577.429320724757
"(20, 100, 1.5, 3.0, 0.1)",8093.352348459829
"(20, 100, 1.5, 3.0, 0.3)",8184.358612627551
"(20, 100, 1.5, 3.0, 0.5)",7845.542123147414
"(20, 100, 1.5, 3.0, 0.7)",8183.362823832593
"(20, 100, 1.5, 3.0, 0.9)",8383.317062537664
"(20, 100, 1.5, 4.0, 0.1)",7844.800322355217
"(20, 100, 1.5, 4.0, 0.3)",8093.352348459832
"(20, 100, 1.5, 4.0, 0.5)",8093.352348459834
"(20, 100, 1.5, 4.0, 0.7)",8494.101028718094
"(20, 100, 1.5, 4.0, 0.9)",7787.013335786751
"(20, 100, 1.5, 5.0, 0.1)",8093.648657807375
"(20, 100, 1.5, 5.0, 0.3)",7681.45365625258
"(20, 100, 1.5, 5.0, 0.5)",7663.585128495864
"(20, 100, 1.5, 5.0, 0.7)",8149.782357126061
"(20, 100, 1.5, 5.0, 0.9)",8308.724972093913
"(20, 100, 2.0, 1.0, 0.1)",7992.714428206062
"(20, 100, 2.0, 1.0, 0.3)",8366.484656327835
"(20, 100, 2.0, 1.0, 0.5)",8652.159405134347
"(20, 100, 2.0, 1.0, 0.7)",10106.357793517273
"(20, 100, 2.0, 1.0, 0.9)",10144.949269118102
"(20, 100, 2.0, 2.0, 0.1)",8178.808967552229
"(20, 100, 2.0, 2.0, 0.3)",8640.250104627146
"(20, 100, 2.0, 2.0, 0.5)",8346.777089939918
"(20, 100, 2.0, 2.0, 0.7)",8279.424976657012
"(20, 100, 2.0, 2.0, 0.9)",7896.0413776273535
"(20, 100, 2.0, 3.0, 0.1)",7853.505683262574
"(20, 100, 2.0, 3.0, 0.3)",7999.427455002159
"(20, 100, 2.0, 3.0, 0.5)",8460.634650671785
"(20, 100, 2.0, 3.0, 0.7)",8160.641414023898
"(20, 100, 2.0, 3.0, 0.9)",8340.095739224578
"(20, 100, 2.0, 4.0, 0.1)",8093.352348459829
"(20, 100, 2.0, 4.0, 0.3)",8444.901622160498
"(20, 100, 2.0, 4.0, 0.5)",7886.258035954592
"(20, 100, 2.0, 4.0, 0.7)",7909.453533784649
"(20, 100, 2.0, 4.0, 0.9)",7969.463434233807
"(20, 100, 2.0, 5.0, 0.1)",7760.522805179508
"(20, 100, 2.0, 5.0, 0.3)",8093.352348459832
"(20, 100, 2.0, 5.0, 0.5)",7797.011165667667
"(20, 100, 2.0, 5.0, 0.7)",8337.596586478187
"(20, 100, 2.0, 5.0, 0.9)",7878.671528247394
"(20, 200, 0.5, 1.0, 0.1)",11492.602064329238
"(20, 200, 0.5, 1.0, 0.3)",11644.475880955193
"(20, 200, 0.5, 1.0, 0.5)",10452.308783465085
"(20, 200, 0.5, 1.0, 0.7)",10797.240086887608
"(20, 200, 0.5, 1.0, 0.9)",10518.240324297054
"(20, 200, 0.5, 2.0, 0.1)",9223.478751075849
"(20, 200, 0.5, 2.0, 0.3)",8748.210267608638
"(20, 200, 0.5, 2.0, 0.5)",8607.802411738845
"(20, 200, 0.5, 2.0, 0.7)",8806.176502902917
"(20, 200, 0.5, 2.0, 0.9)",8346.259283853318
"(20, 200, 0.5, 3.0, 0.1)",8320.425883166441
"(20, 200, 0.5, 3.0, 0.3)",8211.502292800238
"(20, 200, 0.5, 3.0, 0.5)",8262.663204792825
"(20, 200, 0.5, 3.0, 0.7)",7787.309645134293
"(20, 200, 0.5, 3.0, 0.9)",7974.504485220797
"(20, 200, 0.5, 4.0, 0.1)",7677.660844311166
"(20, 200, 0.5, 4.0, 0.3)",7697.441680505639
"(20, 200, 0.5, 4.0, 0.5)",8041.4664618158695
"(20, 200, 0.5, 4.0, 0.7)",7803.802137494926
"(20, 200, 0.5, 4.0, 0.9)",7813.094934986769
"(20, 200, 0.5, 5.0, 0.1)",7634.4703239987975
"(20, 200, 0.5, 5.0, 0.3)",7848.926869135847
"(20, 200, 0.5, 5.0, 0.5)",7827.994701645241
"(20, 200, 0.5, 5.0, 0.7)",7693.387514735287
"(20, 200, 0.5, 5.0, 0.9)",7898.627646655886
"(20, 200, 1.0, 1.0, 0.1)",8438.238700742811
"(20, 200, 1.0, 1.0, 0.3)",8526.95701630366
"(20, 200, 1.0, 1.0, 0.5)",8138.7568233543025
"(20, 200, 1.0, 1.0, 0.7)",8432.493854626038
"(20, 200, 1.0, 1.0, 0.9)",8469.901041435773
"(20, 200, 1.0, 2.0, 0.1)",7681.45365625258
"(20, 200, 1.0, 2.0, 0.3)",7681.45365625258
"(20, 200, 1.0, 2.0, 0.5)",8128.943408136494
"(20, 200, 1.0, 2.0, 0.7)",8118.324036125238
"(20, 200, 1.0, 2.0, 0.9)",8592.090796040262
"(20, 200, 1.0, 3.0, 0.1)",7677.660844311166
"(20, 200, 1.0, 3.0, 0.3)",7705.570574245523
"(20, 200, 1.0, 3.0, 0.5)",7644.689602599455
"(20, 200, 1.0, 3.0, 0.7)",7687.862121300267
"(20, 200, 1.0, 3.0, 0.9)",8355.621001917687
"(20, 200, 1.0, 4.0, 0.1)",7698.878958648028
"(20, 200, 1.0, 4.0, 0.3)",7681.45365625258
"(20, 200, 1.0, 4.0, 0.5)",7663.585128495864
"(20, 200, 1.0, 4.0, 0.7)",7644.689602599455
"(20, 200, 1.0, 4.0, 0.9)",7663.585128495864
"(20, 200, 1.0, 5.0, 0.1)",7669.987483412175
"(20, 200, 1.0, 5.0, 0.3)",7681.45365625258
"(20, 200, 1.0, 5.0, 0.5)",7681.45365625258
"(20, 200, 1.0, 5.0, 0.7)",8000.131867218707
"(20, 200, 1.0, 5.0, 0.9)",8098.697679235066
"(20, 200, 1.5, 1.0, 0.1)",7872.594548539444
"(20, 200, 1.5, 1.0, 0.3)",8535.181120192943
"(20, 200, 1.5, 1.0, 0.5)",9357.179938195304
"(20, 200, 1.5, 1.0, 0.7)",9271.633727783284
"(20, 200, 1.5, 1.0, 0.9)",9856.292852949031
"(20, 200, 1.5, 2.0, 0.1)",7789.457307719282
"(20, 200, 1.5, 2.0, 0.3)",8225.080098450522
"(20, 200, 1.5, 2.0, 0.5)",8524.497967359832
"(20, 200, 1.5, 2.0, 0.7)",8695.428495081826
"(20, 200, 1.5, 2.0, 0.9)",8577.429320724757
"(20, 200, 1.5, 3.0, 0.1)",8093.352348459829
"(20, 200, 1.5, 3.0, 0.3)",8184.358612627551
"(20, 200, 1.5, 3.0, 0.5)",7687.862121300265
"(20, 200, 1.5, 3.0, 0.7)",8183.362823832593
"(20, 200, 1.5, 3.0, 0.9)",8383.317062537664
"(20, 200, 1.5, 4.0, 0.1)",7844.800322355217
"(20, 200, 1.5, 4.0, 0.3)",8093.352348459832
"(20, 200, 1.5, 4.0, 0.5)",8093.352348459834
"(20, 200, 1.5, 4.0, 0.7)",8494.101028718094
"(20, 200, 1.5, 4.0, 0.9)",7787.013335786751
"(20, 200, 1.5, 5.0, 0.1)",8093.648657807375
"(20, 200, 1.5, 5.0, 0.3)",7681.45365625258
"(20, 200, 1.5, 5.0, 0.5)",7663.585128495864
"(20, 200, 1.5, 5.0, 0.7)",8149.782357126061
"(20, 200, 1.5, 5.0, 0.9)",8308.724972093913
"(20, 200, 2.0, 1.0, 0.1)",7992.714428206062
"(20, 200, 2.0, 1.0, 0.3)",8366.484656327835
"(20, 200, 2.0, 1.0, 0.5)",8652.159405134347
"(20, 200, 2.0, 1.0, 0.7)",10106.357793517273
"(20, 200, 2.0, 1.0, 0.9)",10144.949269118102
"(20, 200, 2.0, 2.0, 0.1)",8178.808967552229
"(20, 200, 2.0, 2.0, 0.3)",8640.250104627146
"(20, 200, 2.0, 2.0, 0.5)",8346.777089939918
"(20, 200, 2.0, 2.0, 0.7)",8279.424976657012
"(20, 200, 2.0, 2.0, 0.9)",7896.0413776273535
"(20, 200, 2.0, 3.0, 0.1)",7853.505683262574
"(20, 200, 2.0, 3.0, 0.3)",7999.427455002159
"(20, 200, 2.0, 3.0, 0.5)",8460.634650671785
"(20, 200, 2.0, 3.0, 0.7)",8160.641414023898
"(20, 200, 2.0, 3.0, 0.9)",8340.095739224578
"(20, 200, 2.0, 4.0, 0.1)",8093.352348459829
"(20, 200, 2.0, 4.0, 0.3)",8444.901622160498
"(20, 200, 2.0, 4.0, 0.5)",7886.258035954592
"(20, 200, 2.0, 4.0, 0.7)",7909.453533784649
"(20, 200, 2.0, 4.0, 0.9)",7969.463434233807
"(20, 200, 2.0, 5.0, 0.1)",7760.522805179508
"(20, 200, 2.0, 5.0, 0.3)",8093.352348459832
"(20, 200, 2.0, 5.0, 0.5)",7797.011165667667
"(20, 200, 2.0, 5.0, 0.7)",8337.596586478187
"(20, 200, 2.0, 5.0, 0.9)",7878.671528247394
"(30, 50, 0.5, 1.0, 0.1)",15043.505220895164
"(30, 50, 0.5, 1.0, 0.3)",12955.938356627366
"(30, 50, 0.5, 1.0, 0.5)",11179.832038228296
"(30, 50, 0.5, 1.0, 0.7)",11444.518180491143
"(30, 50, 0.5, 1.0, 0.9)",10947.25709808823
"(30, 50, 0.5, 2.0, 0.1)",10965.05367306384
"(30, 50, 0.5, 2.0, 0.3)",9583.83910811024
"(30, 50, 0.5, 2.0, 0.5)",9468.067812067995
"(30, 50, 0.5, 2.0, 0.7)",9204.946606086127
"(30, 50, 0.5, 2.0, 0.9)",8769.185002108139
"(30, 50, 0.5, 3.0, 0.1)",8903.116793674833
"(30, 50, 0.5, 3.0, 0.3)",8235.967508240612
"(30, 50, 0.5, 3.0, 0.5)",8211.94523440912
"(30, 50, 0.5, 3.0, 0.7)",8152.675412253495
"(30, 50, 0.5, 3.0, 0.9)",8027.109684323332
"(30, 50, 0.5, 4.0, 0.1)",8532.880348822226
"(30, 50, 0.5, 4.0, 0.3)",8353.954890722449
"(30, 50, 0.5, 4.0, 0.5)",7724.619412032667
"(30, 50, 0.5, 4.0, 0.7)",8092.569380751065
"(30, 50, 0.5, 4.0, 0.9)",7843.075531424582
"(30, 50, 0.5, 5.0, 0.1)",7906.600372093111
"(30, 50, 0.5, 5.0, 0.3)",8162.575533089788
"(30, 50, 0.5, 5.0, 0.5)",7915.29185682266
"(30, 50, 0.5, 5.0, 0.7)",8086.68248598806
"(30, 50, 0.5, 5.0, 0.9)",7915.29185682266
"(30, 50, 1.0, 1.0, 0.1)",12219.872299799808
"(30, 50, 1.0, 1.0, 0.3)",9265.000653320347
"(30, 50, 1.0, 1.0, 0.5)",8999.161106318797
"(30, 50, 1.0, 1.0, 0.7)",8435.950468253168
"(30, 50, 1.0, 1.0, 0.9)",8690.234483867169
"(30, 50, 1.0, 2.0, 0.1)",8755.003164236194
"(30, 50, 1.0, 2.0, 0.3)",8046.909331584819
"(30, 50, 1.0, 2.0, 0.5)",7681.45365625258
"(30, 50, 1.0, 2.0, 0.7)",8364.073464797877
"(30, 50, 1.0, 2.0, 0.9)",7953.5666623521465
"(30, 50, 1.0, 3.0, 0.1)",8241.378825051865
"(30, 50, 1.0, 3.0, 0.3)",7735.627483464516
"(30, 50, 1.0, 3.0, 0.5)",7698.878958648028
"(30, 50, 1.0, 3.0, 0.7)",7689.629269457409
"(30, 50, 1.0, 3.0, 0.9)",7859.778458335289
"(30, 50, 1.0, 4.0, 0.1)",8363.586661049476
"(30, 50, 1.0, 4.0, 0.3)",7762.297237594213
"(30, 50, 1.0, 4.0, 0.5)",7663.585128495864
"(30, 50, 1.0, 4.0, 0.7)",7644.689602599455
"(30, 50, 1.0, 4.0, 0.9)",7900.261726488767
"(30, 50, 1.0, 5.0, 0.1)",7873.696975129975
"(30, 50, 1.0, 5.0, 0.3)",7832.919484645638
"(30, 50, 1.0, 5.0, 0.5)",7693.387514735288
"(30, 50, 1.0, 5.0, 0.7)",7730.9497046757315
"(30, 50, 1.0, 5.0, 0.9)",7911.296999656545
"(30, 50, 1.5, 1.0, 0.1)",9484.762076561978
"(30, 50, 1.5, 1.0, 0.3)",7999.4574250718515
"(30, 50, 1.5, 1.0, 0.5)",8561.206007202296
"(30, 50, 1.5, 1.0, 0.7)",8338.740744117167
"(30, 50, 1.5, 1.0, 0.9)",8911.850912207328
"(30, 50, 1.5, 2.0, 0.1)",8383.227932087053
"(30, 50, 1.5, 2.0, 0.3)",7804.897304671891
"(30, 50, 1.5, 2.0, 0.5)",8412.83207167278
"(30, 50, 1.5, 2.0, 0.7)",8060.245621704213
"(30, 50, 1.5, 2.0, 0.9)",8815.516192776591
"(30, 50, 1.5, 3.0, 0.1)",7974.208175873256
"(30, 50, 1.5, 3.0, 0.3)",7681.749965600123
"(30, 50, 1.5, 3.0, 0.5)",7686.401146464881
"(30, 50, 1.5, 3.0, 0.7)",8194.76520360421
"(30, 50, 1.5, 3.0, 0.9)",8004.04965177778
"(30, 50, 1.5, 4.0, 0.1)",7778.817374909328
"(30, 50, 1.5, 4.0, 0.3)",7681.453656252581
"(30, 50, 1.5, 4.0, 0.5)",8093.352348459832
"(30, 50, 1.5, 4.0, 0.7)",8162.71713006435
"(30, 50, 1.5, 4.0, 0.9)",7769.588033391303
"(30, 50, 1.5, 5.0, 0.1)",8088.874757134975
"(30, 50, 1.5, 5.0, 0.3)",7663.585128495864
"(30, 50, 1.5, 5.0, 0.5)",7915.29185682266
"(30, 50, 1.5, 5.0, 0.7)",7795.669632591321
"(30, 50, 1.5, 5.0, 0.9)",8198.919534743687
"(30, 50, 2.0, 1.0, 0.1)",8452.702716423415
"(30, 50, 2.0, 1.0, 0.3)",9083.390611552306
"(30, 50, 2.0, 1.0, 0.5)",8807.009125317569
"(30, 50, 2.0, 1.0, 0.7)",9489.654552675813
"(30, 50, 2.0, 1.0, 0.9)",9201.946520109468
"(30, 50, 2.0, 2.0, 0.1)",8617.779716127887
"(30, 50, 2.0, 2.0, 0.3)",8150.272992970648
"(30, 50, 2.0, 2.0, 0.5)",7893.25709076432
"(30, 50, 2.0, 2.0, 0.7)",8403.75770483991
"(30, 50, 2.0, 2.0, 0.9)",8364.08355356751
"(30, 50, 2.0, 3.0, 0.1)",7844.800322355218
"(30, 50, 2.0, 3.0, 0.3)",7769.5880333913
"(30, 50, 2.0, 3.0, 0.5)",7791.671943447611
"(30, 50, 2.0, 3.0, 0.7)",8121.239223877861
"(30, 50, 2.0, 3.0, 0.9)",8216.865493465222
"(30, 50, 2.0, 4.0, 0.1)",7681.45365625258
"(30, 50, 2.0, 4.0, 0.3)",7859.778458335289
"(30, 50, 2.0, 4.0, 0.5)",7742.654277422795
"(30, 50, 2.0, 4.0, 0.7)",7769.588033391303
"(30, 50, 2.0, 4.0, 0.9)",8042.060775406404
"(30, 50, 2.0, 5.0, 0.1)",7923.598968037499
"(30, 50, 2.0, 5.0, 0.3)",7681.453656252581
"(30, 50, 2.0, 5.0, 0.5)",8124.701986952999
"(30, 50, 2.0, 5.0, 0.7)",8076.5560129534715
"(30, 50, 2.0, 5.0, 0.9)",7954.53236814291
"(30, 100, 0.5, 1.0, 0.1)",13138.686257367146
"(30, 100, 0.5, 1.0, 0.3)",11553.339375263704
"(30, 100, 0.5, 1.0, 0.5)",11179.832038228296
"(30, 100, 0.5, 1.0, 0.7)",10947.727728683738
"(30, 100, 0.5, 1.0, 0.9)",10855.646798260817
"(30, 100, 0.5, 2.0, 0.1)",9486.520925303108
"(30, 100, 0.5, 2.0, 0.3)",9019.007033611739
"(30, 100, 0.5, 2.0, 0.5)",8774.721058211599
"(30, 100, 0.5, 2.0, 0.7)",8873.909618657915
"(30, 100, 0.5, 2.0, 0.9)",8769.185002108139
"(30, 100, 0.5, 3.0, 0.1)",8414.438072065497
"(30, 100, 0.5, 3.0, 0.3)",8158.5415474458305
"(30, 100, 0.5, 3.0, 0.5)",7947.542394274044
"(30, 100, 0.5, 3.0, 0.7)",8152.675412253495
"(30, 100, 0.5, 3.0, 0.9)",7759.228339234696
"(30, 100, 0.5, 4.0, 0.1)",7947.542394274044
"(30, 100, 0.5, 4.0, 0.3)",7817.603991459656
"(30, 100, 0.5, 4.0, 0.5)",7724.619412032667
"(30, 100, 0.5, 4.0, 0.7)",7682.352241567508
"(30, 100, 0.5, 4.0, 0.9)",7843.075531424582
"(30, 100, 0.5, 5.0, 0.1)",7843.97834254934
"(30, 100, 0.5, 5.0, 0.3)",7897.483534487064
"(30, 100, 0.5, 5.0, 0.5)",7897.483534487064
"(30, 100, 0.5, 5.0, 0.7)",7907.672517008305
"(30, 100, 0.5, 5.0, 0.9)",7841.122871437657
"(30, 100, 1.0, 1.0, 0.1)",8910.426172059764
"(30, 100, 1.0, 1.0, 0.3)",8240.48953445685
"(30, 100, 1.0, 1.0, 0.5)",8807.892318293307
"(30, 100, 1.0, 1.0, 0.7)",8210.707979386987
"(30, 100, 1.0, 1.0, 0.9)",8409.886313696397
"(30, 100, 1.0, 2.0, 0.1)",8128.599962054717
"(30, 100, 1.0, 2.0, 0.3)",7853.2093739150305
"(30, 100, 1.0, 2.0, 0.5)",7681.45365625258
"(30, 100, 1.0, 2.0, 0.7)",8364.073464797877
"(30, 100, 1.0, 2.0, 0.9)",7953.5666623521465
"(30, 100, 1.0, 3.0, 0.1)",7693.387514735287
"(30, 100, 1.0, 3.0, 0.3)",7677.660844311168
"(30, 100, 1.0, 3.0, 0.5)",7681.453656252577
"(30, 100, 1.0, 3.0, 0.7)",7689.629269457409
"(30, 100, 1.0, 3.0, 0.9)",7859.778458335289
"(30, 100, 1.0, 4.0, 0.1)",7791.375634100068
"(30, 100, 1.0, 4.0, 0.3)",7698.878958648028
"(30, 100, 1.0, 4.0, 0.5)",7663.585128495864
"(30, 100, 1.0, 4.0, 0.7)",7644.689602599455
"(30, 100, 1.0, 4.0, 0.9)",7900.261726488767
"(30, 100, 1.0, 5.0, 0.1)",7698.878958648028
"(30, 100, 1.0, 5.0, 0.3)",7698.878958648028
"(30, 100, 1.0, 5.0, 0.5)",7693.387514735288
"(30, 100, 1.0, 5.0, 0.7)",7687.862121300268
"(30, 100, 1.0, 5.0, 0.9)",7886.4039466311415
"(30, 100, 1.5, 1.0, 0.1)",8326.09552447998
"(30, 100, 1.5, 1.0, 0.3)",7999.4574250718515
"(30, 100, 1.5, 1.0, 0.5)",8561.206007202296
"(30, 100, 1.5, 1.0, 0.7)",8338.740744117165
"(30, 100, 1.5, 1.0, 0.9)",8911.850912207328
"(30, 100, 1.5, 2.0, 0.1)",7993.463599144769
"(30, 100, 1.5, 2.0, 0.3)",7804.897304671891
"(30, 100, 1.5, 2.0, 0.5)",8412.83207167278
"(30, 100, 1.5, 2.0, 0.7)",8060.245621704213
"(30, 100, 1.5, 2.0, 0.9)",8815.516192776591
"(30, 100, 1.5, 3.0, 0.1)",7817.886021183408
"(30, 100, 1.5, 3.0, 0.3)",7681.749965600123
"(30, 100, 1.5, 3.0, 0.5)",7686.401146464881
"(30, 100, 1.5, 3.0, 0.7)",8194.76520360421
"(30, 100, 1.5, 3.0, 0.9)",8004.04965177778
"(30, 100, 1.5, 4.0, 0.1)",7681.453656252581
"(30, 100, 1.5, 4.0, 0.3)",7681.453656252581
"(30, 100, 1.5, 4.0, 0.5)",8093.352348459832
"(30, 100, 1.5, 4.0, 0.7)",8162.71713006435
"(30, 100, 1.5, 4.0, 0.9)",7769.588033391303
"(30, 100, 1.5, 5.0, 0.1)",7888.3497187749235
"(30, 100, 1.5, 5.0, 0.3)",7663.585128495864
"(30, 100, 1.5, 5.0, 0.5)",7915.29185682266
"(30, 100, 1.5, 5.0, 0.7)",7795.669632591321
"(30, 100, 1.5, 5.0, 0.9)",8198.919534743687
"(30, 100, 2.0, 1.0, 0.1)",7980.010385791923
"(30, 100, 2.0, 1.0, 0.3)",9083.390611552306
"(30, 100, 2.0, 1.0, 0.5)",8807.009125317569
"(30, 100, 2.0, 1.0, 0.7)",9489.654552675813
"(30, 100, 2.0, 1.0, 0.9)",9201.946520109468
"(30, 100, 2.0, 2.0, 0.1)",8311.481016447799
"(30, 100, 2.0, 2.0, 0.3)",8150.272992970648
"(30, 100, 2.0, 2.0, 0.5)",7893.25709076432
"(30, 100, 2.0, 2.0, 0.7)",8403.75770483991
"(30, 100, 2.0, 2.0, 0.9)",8364.083553567507
"(30, 100, 2.0, 3.0, 0.1)",7844.800322355218
"(30, 100, 2.0, 3.0, 0.3)",7769.5880333913
"(30, 100, 2.0, 3.0, 0.5)",7791.671943447611
"(30, 100, 2.0, 3.0, 0.7)",8121.239223877861
"(30, 100, 2.0, 3.0, 0.9)",8216.865493465222
"(30, 100, 2.0, 4.0, 0.1)",7681.45365625258
"(30, 100, 2.0, 4.0, 0.3)",7859.778458335289
"(30, 100, 2.0, 4.0, 0.5)",7742.654277422795
"(30, 100, 2.0, 4.0, 0.7)",7769.588033391303
"(30, 100, 2.0, 4.0, 0.9)",8042.060775406404
"(30, 100, 2.0, 5.0, 0.1)",7923.598968037499
"(30, 100, 2.0, 5.0, 0.3)",7681.453656252581
"(30, 100, 2.0, 5.0, 0.5)",8124.701986952999
"(30, 100, 2.0, 5.0, 0.7)",8076.5560129534715
"(30, 100, 2.0, 5.0, 0.9)",7954.53236814291
"(30, 200, 0.5, 1.0, 0.1)",11695.146524153948
"(30, 200, 0.5, 1.0, 0.3)",11553.339375263704
"(30, 200, 0.5, 1.0, 0.5)",11179.832038228296
"(30, 200, 0.5, 1.0, 0.7)",10759.24477234168
"(30, 200, 0.5, 1.0, 0.9)",10696.091108854464
"(30, 200, 0.5, 2.0, 0.1)",9416.08650947673
"(30, 200, 0.5, 2.0, 0.3)",9019.007033611739
"(30, 200, 0.5, 2.0, 0.5)",8774.721058211599
"(30, 200, 0.5, 2.0, 0.7)",8873.909618657915
"(30, 200, 0.5, 2.0, 0.9)",8509.887910466705
"(30, 200, 0.5, 3.0, 0.1)",8289.982808663783
"(30, 200, 0.5, 3.0, 0.3)",7888.602193335154
"(30, 200, 0.5, 3.0, 0.5)",7947.542394274044
"(30, 200, 0.5, 3.0, 0.7)",8152.675412253495
"(30, 200, 0.5, 3.0, 0.9)",7759.228339234696
"(30, 200, 0.5, 4.0, 0.1)",7907.063850572169
"(30, 200, 0.5, 4.0, 0.3)",7817.603991459656
"(30, 200, 0.5, 4.0, 0.5)",7700.18055293264
"(30, 200, 0.5, 4.0, 0.7)",7682.352241567508
"(30, 200, 0.5, 4.0, 0.9)",7669.617151410611
"(30, 200, 0.5, 5.0, 0.1)",7843.97834254934
"(30, 200, 0.5, 5.0, 0.3)",7897.483534487064
"(30, 200, 0.5, 5.0, 0.5)",7755.807823797035
"(30, 200, 0.5, 5.0, 0.7)",7907.672517008305
"(30, 200, 0.5, 5.0, 0.9)",7669.617151410611
"(30, 200, 1.0, 1.0, 0.1)",8520.868291450952
"(30, 200, 1.0, 1.0, 0.3)",8240.48953445685
"(30, 200, 1.0, 1.0, 0.5)",8551.15208345045
"(30, 200, 1.0, 1.0, 0.7)",8049.846044581722
"(30, 200, 1.0, 1.0, 0.9)",8382.709919908259
"(30, 200, 1.0, 2.0, 0.1)",7628.061858951112
"(30, 200, 1.0, 2.0, 0.3)",7548.992710024182
"(30, 200, 1.0, 2.0, 0.5)",7681.453656252578
"(30, 200, 1.0, 2.0, 0.7)",8364.073464797877
"(30, 200, 1.0, 2.0, 0.9)",7953.5666623521465
"(30, 200, 1.0, 3.0, 0.1)",7693.387514735287
"(30, 200, 1.0, 3.0, 0.3)",7548.992710024182
"(30, 200, 1.0, 3.0, 0.5)",7681.453656252577
"(30, 200, 1.0, 3.0, 0.7)",7689.629269457409
"(30, 200, 1.0, 3.0, 0.9)",7859.778458335289
"(30, 200, 1.0, 4.0, 0.1)",7677.660844311166
"(30, 200, 1.0, 4.0, 0.3)",7675.485252327137
"(30, 200, 1.0, 4.0, 0.5)",7663.585128495864
"(30, 200, 1.0, 4.0, 0.7)",7644.689602599455
"(30, 200, 1.0, 4.0, 0.9)",7823.0419293792
"(30, 200, 1.0, 5.0, 0.1)",7698.878958648028
"(30, 200, 1.0, 5.0, 0.3)",7681.453656252581
"(30, 200, 1.0, 5.0, 0.5)",7681.453656252581
"(30, 200, 1.0, 5.0, 0.7)",7687.862121300267
"(30, 200, 1.0, 5.0, 0.9)",7886.4039466311415
"(30, 200, 1.5, 1.0, 0.1)",8226.035769636985
"(30, 200, 1.5, 1.0, 0.3)",7999.4574250718515
"(30, 200, 1.5, 1.0, 0.5)",8561.206007202296
"(30, 200, 1.5, 1.0, 0.7)",8338.740744117165
"(30, 200, 1.5, 1.0, 0.9)",8911.850912207328
"(30, 200, 1.5, 2.0, 0.1)",7993.463599144769
"(30, 200, 1.5, 2.0, 0.3)",7804.897304671891
"(30, 200, 1.5, 2.0, 0.5)",8412.83207167278
"(30, 200, 1.5, 2.0, 0.7)",8060.245621704213
"(30, 200, 1.5, 2.0, 0.9)",8815.516192776591
"(30, 200, 1.5, 3.0, 0.1)",7817.886021183408
"(30, 200, 1.5, 3.0, 0.3)",7681.749965600123
"(30, 200, 1.5, 3.0, 0.5)",7686.401146464881
"(30, 200, 1.5, 3.0, 0.7)",8194.76520360421
"(30, 200, 1.5, 3.0, 0.9)",8004.04965177778
"(30, 200, 1.5, 4.0, 0.1)",7681.453656252581
"(30, 200, 1.5, 4.0, 0.3)",7681.453656252581
"(30, 200, 1.5, 4.0, 0.5)",8093.352348459832
"(30, 200, 1.5, 4.0, 0.7)",7904.126563711307
"(30, 200, 1.5, 4.0, 0.9)",7769.588033391303
"(30, 200, 1.5, 5.0, 0.1)",7790.100427914692
"(30, 200, 1.5, 5.0, 0.3)",7663.585128495864
"(30, 200, 1.5, 5.0, 0.5)",7915.29185682266
"(30, 200, 1.5, 5.0, 0.7)",7795.669632591321
"(30, 200, 1.5, 5.0, 0.9)",8065.020385490607
"(30, 200, 2.0, 1.0, 0.1)",7980.010385791923
"(30, 200, 2.0, 1.0, 0.3)",9083.390611552306
"(30, 200, 2.0, 1.0, 0.5)",8807.009125317569
"(30, 200, 2.0, 1.0, 0.7)",9489.654552675813
"(30, 200, 2.0, 1.0, 0.9)",9201.946520109468
"(30, 200, 2.0, 2.0, 0.1)",8311.481016447799
"(30, 200, 2.0, 2.0, 0.3)",8150.272992970648
"(30, 200, 2.0, 2.0, 0.5)",7893.25709076432
"(30, 200, 2.0, 2.0, 0.7)",8403.75770483991
"(30, 200, 2.0, 2.0, 0.9)",8364.083553567507
"(30, 200, 2.0, 3.0, 0.1)",7844.800322355218
"(30, 200, 2.0, 3.0, 0.3)",7769.5880333913
"(30, 200, 2.0, 3.0, 0.5)",7791.671943447611
"(30, 200, 2.0, 3.0, 0.7)",8121.239223877861
"(30, 200, 2.0, 3.0, 0.9)",8216.865493465222
"(30, 200, 2.0, 4.0, 0.1)",7681.45365625258
"(30, 200, 2.0, 4.0, 0.3)",7859.778458335289
"(30, 200, 2.0, 4.0, 0.5)",7742.654277422795
"(30, 200, 2.0, 4.0, 0.7)",7769.588033391303
"(30, 200, 2.0, 4.0, 0.9)",8042.060775406404
"(30, 200, 2.0, 5.0, 0.1)",7923.598968037499
"(30, 200, 2.0, 5.0, 0.3)",7681.453656252581
"(30, 200, 2.0, 5.0, 0.5)",8124.701986952999
"(30, 200, 2.0, 5.0, 0.7)",8076.5560129534715
"(30, 200, 2.0, 5.0, 0.9)",7954.53236814291
