inf,1.106680944670826648e+03,3.520541809955833514e+02,7.894764566410761972e+02,4.189321651693101103e+02,6.302199402289950285e+02,1.030754005763373016e+03,6.203847634458001039e+02,1.000332265181406569e+03,1.051021988556627548e+03,1.159571207365449936e+03,1.157788186381907963e+03,1.901339809992735582e+03,2.000408881153544144e+03,2.703404352313473282e+02,4.838366185986089931e+02,6.141172423259479274e+02,2.967988034539646947e+02,4.947302167603141356e+02,2.467199888209827066e+02,5.329673624555863398e+02,9.196124185051657207e+01,1.800677644627571397e+02,4.648496828956580771e+02,4.442898793078807103e+02,1.097557100147010260e+03,1.523345780881087421e+03,7.603098084172249855e+02,4.214254414242219582e+02,6.413233642956145104e+02,2.807845005223600197e+02,1.105675116890765395e+02,7.680645327574078465e+02,2.452653436287779130e+02,1.592614724295952158e+02,1.389093036251559568e+02,2.383594167789360370e+02,3.770993256678443117e+02,2.896505686154450245e+02,2.084334250229631209e+02,6.494688832533332743e+02,5.143047832288482368e+02,8.284510930823875015e+02,2.699248978624097504e+02,4.023810672159409023e+02,4.709756830998382497e+02,1.034289260995261884e+03,2.873977005242811629e+02,7.168641506891927406e+01,4.007466170623641233e+02,1.012933534890619512e+03,1.229548102262876228e+03
7.022748119986697475e+02,inf,8.278751487241407858e+02,1.961381667148181577e+03,1.439136938472428938e+03,1.107779411448187375e+03,4.886609917393174385e+01,1.193430466121060135e+03,2.040205352960383152e+03,1.770933572940848080e+03,2.108574885872919367e+03,1.317856263989792978e+03,2.175781258980099210e+03,2.672136717802719431e+03,1.225147792759330287e+03,9.832608471925259437e+02,7.899521876956805500e+02,1.176940184018064429e+03,1.065079125050269340e+03,9.820618791550808737e+02,4.917338376329222456e+02,1.071541840652839483e+03,4.912444049187722044e+02,1.819530033661044172e+03,1.430184951696961889e+03,2.002760440132320582e+03,1.634458510571453644e+03,2.003325099201241983e+03,5.982103068768435605e+02,4.012159417714856318e+02,1.033016417907255345e+03,9.284114410546983436e+02,2.582772442135442816e+03,1.069715368364221604e+03,1.021384746541505365e+03,1.045340533157897426e+03,1.306831773286282896e+03,1.264572915111951943e+03,1.089020463777776058e+03,9.784922662608424844e+02,1.112344856597550688e+03,1.142055673817904875e+02,1.470276704532865779e+03,1.205976876257784170e+03,1.345825097259574477e+03,8.346921669060126305e+02,1.622120920235897529e+03,1.539075848287863892e+03,1.193124653677340575e+03,1.051123615701878407e+03,1.294436009161550146e+03,2.096898266292706012e+03
4.455968447987918921e+02,1.297437126237802431e+03,inf,1.175290338761755493e+03,7.727380736237271321e+02,9.689917995232010526e+02,9.463258149312670184e+02,4.994807647447397017e+02,4.551538910485712677e+02,8.256963015137450839e+02,1.493195798798687292e+03,1.708466091557054142e+03,2.138337442638109223e+03,2.587392378369265771e+03,9.006057947387890863e+02,9.852398476395479747e+02,2.382466393288231643e+02,1.627786921533244708e+02,2.640802784165866797e+02,6.455773150271154464e+02,3.038501593775050083e+02,4.406204937599346181e+02,4.413909480563820580e+02,4.639112568263475396e+02,1.099509565975209853e+03,1.361625964654743484e+03,1.642434559080575127e+03,1.082701702338588348e+03,9.879614801483088513e+02,5.634643493074033813e+02,2.666346317806215893e+02,4.112591389964674704e+02,1.311310105359396630e+03,5.807464140484452173e+02,6.527789474598774859e+02,5.149056366132828089e+02,6.288564121510210043e+02,4.328704880309182954e+02,7.091576507343312414e+02,4.817347558297798855e+02,4.564884967954420176e+02,1.047672230351217195e+03,6.114256233743521989e+02,8.178412431772177342e+02,4.279778166765746619e+02,1.086701524776398173e+03,1.363903522758332656e+03,7.885592037682589535e+02,5.527294087246176559e+02,9.233504338682892012e+02,1.548261762124797997e+03,1.494433627626517364e+03
6.067902425338114654e+02,1.185540763930023331e+03,9.317639054513956580e+02,inf,9.795516717201786605e+01,1.332637536999607164e+02,1.434971402403758702e+03,5.934557779579116641e+02,7.760560757733419450e+02,6.897103638447583762e+02,8.960319676794483712e+02,4.345858637786919871e+02,1.378174512869900809e+03,1.145672266595989868e+03,1.101786652171276728e+02,6.146833206483340746e+02,1.292581249883325199e+03,1.012979444778520246e+03,8.877692143397639484e+02,9.550239726239429956e+02,8.749117789905396876e+02,7.099820722558932857e+02,1.074845723415147859e+03,2.126733310027726702e+02,1.589569090248308498e+02,8.909704969472630864e+02,1.011072286284875531e+03,5.391144688982852813e+02,8.818251548210937472e+02,9.044580919742791139e+02,7.143314948014559604e+02,5.330346741091619833e+02,5.935811400431006177e+02,5.057235688266391662e+02,3.817608505534468577e+02,3.990249544727749935e+02,3.592320109194830593e+02,3.037250014869268284e+02,4.564019296921116506e+02,3.669576479442861796e+02,1.003566902472377365e+03,9.967408111261260046e+02,2.557042870834605708e+02,5.098685730181056783e+02,4.490524467827485751e+02,2.620131898662898493e+02,1.308895106141948645e+03,2.632943678404038224e+02,4.525938922683895385e+02,5.839269041209772695e+02,5.277751530046427888e+02,1.177423170015538517e+03
3.418890079829830597e+02,1.515531339413281330e+03,1.005838992436054809e+03,1.690441765825939626e+02,inf,6.866033924325313365e+01,9.756661936327921012e+02,5.990428219257801175e+02,7.177288135871892791e+02,7.962550713720786462e+02,8.533830612798784614e+02,6.428819006534154141e+02,9.018997774811434738e+02,1.514836500587571891e+03,3.691391160705776286e+01,2.795843129686317070e+02,1.380889190512967161e+03,7.407958232043754379e+02,7.122129763643838487e+02,7.222279922721590992e+02,7.272031131930314132e+02,3.729240613916402936e+02,6.618939829018445380e+02,5.587212744419663579e+01,2.845377663244931910e+02,1.094485418974332333e+03,9.995012714479587430e+02,6.349052443509287968e+02,7.279915895563743788e+02,6.286690363630881393e+02,8.433867655136534722e+02,3.477561381357244272e+02,9.312813430660669383e+02,2.619590101122757915e+02,2.736324907600661618e+02,2.782590480303941831e+02,1.148792670151516830e+02,9.571901515208539024e+01,1.197162429555940690e+02,1.317924087105010074e+02,6.520172409060842256e+02,1.284174905656902638e+03,5.302413877856747604e+02,1.984764614382525565e+02,4.971827277927069417e+02,2.216456417995212860e+02,9.338042129579947641e+02,8.735117684783737957e+01,3.600108176493421865e+02,7.377774313473117900e+02,8.808142264328364490e+02,1.820164863171776005e+03
4.930361805428529465e+02,1.814952843054281857e+03,7.788106256572692701e+02,1.258039406254410011e+02,3.623061911318612971e+01,inf,1.898721868920471024e+03,9.362460671472720151e+02,6.195135873930146317e+02,9.515361302579887024e+02,1.161405933840309217e+03,4.462796627570769488e+02,1.362058630239390141e+03,8.561350098952023018e+02,6.877041308820763277e+01,3.575208210901420216e+02,1.232234946425186308e+03,9.169847274068010847e+02,4.191918899809169261e+02,4.758420141418595222e+02,8.192177900404615229e+02,5.310833943953641665e+02,5.494380200901086937e+02,7.564795812177381151e+01,1.706475222189544070e+02,7.660943603437075353e+02,8.366819773145072077e+02,6.438152764903389880e+02,6.110693067174769340e+02,7.766064056724811735e+02,7.278104828818728720e+02,3.123494380031008291e+02,7.170143655411905002e+02,3.273729650439966008e+02,1.999921190442762224e+02,2.880675400083900399e+02,1.817792649344404765e+02,1.414290757718906377e+02,2.024029746623668018e+02,2.025395643923194484e+02,7.085457545206957093e+02,1.475802918353637779e+03,3.121090041156970756e+02,2.730078906923131967e+02,5.521493527845623248e+02,3.065576022137655059e+02,1.240715009027109545e+03,9.367530983230562924e+01,2.710456342247951511e+02,4.585757843822431141e+02,5.342311766550532184e+02,1.861146731099785711e+03
9.148914114714887091e+02,8.513521709184344388e+01,5.764248559895379458e+02,9.939415789481759020e+02,1.543076056324578985e+03,1.523446879541482303e+03,inf,1.066535930117872113e+03,1.473476088224528667e+03,1.289645970697627035e+03,2.758220895091228613e+03,1.380582508483677429e+03,2.442441698339852337e+03,2.076135847158318938e+03,1.840538711506820391e+03,1.387201034908027850e+03,8.619917226987050753e+02,6.453495506944224189e+02,1.343216748889003384e+03,5.638600078882759590e+02,6.509510738516684114e+02,9.493072302250493522e+02,7.612201010911243202e+02,1.706953130797157655e+03,1.850834264216602833e+03,2.350413919010914469e+03,2.052162759052635010e+03,1.974600367115114295e+03,1.175414783922578408e+03,6.308897255495198806e+02,6.708465324933275724e+02,1.084776867099781157e+03,2.591318344686689670e+03,1.470331998031826970e+03,1.010626059073495753e+03,1.507764015490031852e+03,8.094685867367093124e+02,1.132653333943399730e+03,1.305480535372599888e+03,1.272619407932902732e+03,8.349890467790078219e+02,1.205475647380839916e+02,1.326843405466908735e+03,1.419500219303871745e+03,8.815671103173244774e+02,1.149968224918208080e+03,2.298221082257045055e+03,1.775525574260444273e+03,7.537479096285669584e+02,9.640346062404411214e+02,1.847642639976681266e+03,2.083760915097901034e+03
8.421170088329652117e+02,1.432175686345675558e+03,5.972640228189104619e+02,8.222398126056152705e+02,8.367049789822805224e+02,7.913987327767011948e+02,9.662144929528734565e+02,inf,1.969215829068073162e+02,3.587199426727241303e+02,2.132899111807627833e+03,1.207602925386562220e+03,1.730242653248820261e+03,2.313778231340919774e+03,8.470863909082567034e+02,9.190448260855837361e+02,9.425268210565235449e+02,3.965131536526294553e+02,2.421797211908634040e+02,1.060174510241000689e+03,8.104871733592531200e+02,5.285697536397735803e+02,8.799967932751301305e+02,9.268623758776801651e+02,1.068160547998296806e+03,1.704732550726460886e+03,1.718345605608027199e+03,1.867906674013303473e+03,1.019116527984272011e+03,8.538390393441959532e+02,4.859307757146831364e+02,3.861835898771939242e+02,1.044062370958990186e+03,5.048594637431007186e+02,7.776813160274057282e+02,4.651160185210017062e+02,8.404323830098725239e+02,6.069539728553802433e+02,4.187737920627968720e+02,7.908718609095298007e+02,1.076979010966967820e+02,1.638660066596121624e+03,3.460867155946958746e+02,6.842970652578976569e+02,2.342342752133388615e+02,9.565716239682235482e+02,1.962197204486240025e+03,9.208565300902874924e+02,5.353529237917524597e+02,8.381163103960042235e+02,1.127256717502337096e+03,2.374592363147597553e+03
9.857480824994805744e+02,1.590489324835090883e+03,4.820530540960088501e+02,7.507289019001369752e+02,1.106498884913734173e+03,9.879671736932521071e+02,1.557588306515330942e+03,3.602324764191957911e+02,inf,8.074628085390575905e+01,1.576147915989786952e+03,1.176336018330850038e+03,2.427539471341980516e+03,1.722022953500192671e+03,8.480830361191131033e+02,7.755934252774165998e+02,1.226842325822809471e+03,5.920183030445814438e+02,3.089508662592415362e+02,1.477427502768565773e+03,1.108230869011819777e+03,1.102803832519973184e+03,1.452421128382620736e+03,6.343203280459400730e+02,9.750419159490563743e+02,1.413448605929983160e+03,1.966307072721418990e+03,1.167516363845665182e+03,1.234129839375269739e+03,1.480675615760859273e+03,1.178312313267548916e+03,8.914585534174522081e+02,9.098466469025116794e+02,6.617857005140596129e+02,9.959114817465547276e+02,5.275550820797519691e+02,8.391566904952633195e+02,5.591803265708734898e+02,7.149868125908316188e+02,1.046019105536169945e+03,4.101565105914951346e+02,1.948319457643091710e+03,7.077978095279653417e+02,1.323014554230494923e+03,5.404354710669740598e+02,1.436188198104405728e+03,2.323694205556151701e+03,6.028589521755645819e+02,7.401709842851747680e+02,1.304639432684123449e+03,1.488085039520334931e+03,2.902701217875354814e+03
5.787804582593208806e+02,1.471236167319235392e+03,6.872621785263335141e+02,1.035677527610253946e+03,9.799248814795130329e+02,5.660596336164386457e+02,1.791010055442921157e+03,3.249343609339979366e+02,1.326670388634378526e+02,inf,1.604547560139043981e+03,9.550295403506422645e+02,1.289176972072891203e+03,1.598776462413409945e+03,7.996124853929521805e+02,1.476768745255953945e+03,9.667478297267651897e+02,9.341203764006043002e+02,4.397712392601713418e+02,1.390008718412508870e+03,9.771521220475360678e+02,8.788747521971343986e+02,8.395281044344449128e+02,9.295697519441523582e+02,9.824609855694312728e+02,1.398316158952535488e+03,1.159474741363336534e+03,1.698921823816635424e+03,1.470989079350793872e+03,1.121382232946219119e+03,7.299414565957432615e+02,9.195331041805692394e+02,6.109823987009763187e+02,7.236863426947039670e+02,1.030982848472810019e+03,4.810901006602146595e+02,8.018053242855294229e+02,7.489120570898238611e+02,6.245585017900223193e+02,4.499569434356708371e+02,3.084186451343892941e+02,1.483531228785786425e+03,5.585512508514023011e+02,1.017359739741725662e+03,4.930513784634391641e+02,1.317863056427243009e+03,1.934558926598648895e+03,6.948619505082335763e+02,6.988042180060646160e+02,8.926185920429329599e+02,1.345448965878505760e+03,2.481129911877872473e+03
1.185975451087458623e+03,2.880575621872292686e+03,1.782177447305028863e+03,1.296833196269105656e+03,9.100076859311079716e+02,1.198173226502212856e+03,2.227309770803844458e+03,1.169129839327324589e+03,1.640672121230082894e+03,1.535872897059833349e+03,inf,5.660960433526657880e+02,4.438505586475109794e+02,9.036783945298594745e+02,8.620518594090655142e+02,1.204163448409187822e+03,1.607481215115815758e+03,1.569155210067145617e+03,1.361521669064418802e+03,1.639053311754542619e+03,2.320983463534490056e+03,1.996237823841486033e+03,2.045085349014916801e+03,1.131954429809017938e+03,7.849058947644160753e+02,1.059786856879660036e+03,7.418625868223457474e+02,4.371392399803158355e+02,1.223972768794865715e+03,1.463895686405958941e+03,1.732547723804076213e+03,1.873538138701024991e+03,1.287093795628667294e+03,1.196062433100953285e+03,1.390773411416675799e+03,1.696972492562493017e+03,1.281053068673514417e+03,1.590932199308389499e+03,1.081740413188593038e+03,1.560324940807159010e+03,1.218221161196453295e+03,1.579897938071881754e+03,1.003382956440499584e+03,1.573395530431039106e+03,1.977496558114830123e+03,1.387658483522410734e+03,7.068346407803991269e+02,1.380876872501336720e+03,1.120858960255330430e+03,1.939520445548321732e+03,4.958965838718857526e+02,7.955738820167694030e+02
1.095647069482172128e+03,1.383136559145639467e+03,1.644278738833499574e+03,2.694804690257290076e+02,4.184594937333454254e+02,5.139266133011784632e+02,1.730995133624082655e+03,1.483398330791084163e+03,1.572751094080830626e+03,8.519253000964295097e+02,7.040768145660504160e+02,inf,4.724175477942877137e+02,9.140426880557170080e+02,5.599863237919514631e+02,6.230857642828552798e+02,1.533514890774629293e+03,1.036702517543910744e+03,1.150321590971841260e+03,1.273122207347918220e+03,1.473195198216822973e+03,8.312833614357892884e+02,1.102102273376668336e+03,3.865899885080426088e+02,2.546240567884279358e+02,4.557181603619644079e+02,5.287027494426828298e+02,1.945439251620846051e+02,1.284081998925360267e+03,1.418094798119149345e+03,1.122375478195255710e+03,9.793833468293170199e+02,8.983157285296745158e+02,6.807593068784245816e+02,5.052490860626884341e+02,8.173286923531441062e+02,5.458277639116292903e+02,5.651743134934862383e+02,5.147127143936407947e+02,7.401920505020458450e+02,9.524154141074029667e+02,2.045298510127639702e+03,9.286915917667147369e+02,8.256241528414512914e+02,1.165560516919103748e+03,6.786773343711014377e+02,5.306726716985107259e+02,4.011460017183301261e+02,9.584692862524905195e+02,1.107185407593699438e+03,2.375485971792206783e+02,1.218018468867774800e+03
1.938579678412308340e+03,2.182825765823172333e+03,1.854156027407821284e+03,1.137755184081172047e+03,7.965719506197895043e+02,8.888911059963899106e+02,2.261393887261762302e+03,2.458612194449516664e+03,2.529196621719157520e+03,1.167069698699358696e+03,7.681898790239894197e+02,8.339193689968441277e+02,inf,2.577412311993223284e+02,1.198313680692587241e+03,8.123299832778611744e+02,1.819714125500522186e+03,1.158340740037362821e+03,1.855882312630197248e+03,9.163134627287016656e+02,1.715352966209514989e+03,9.675450098872460103e+02,1.430155003315659997e+03,1.455457820006124393e+03,8.280804044371652708e+02,2.651943662986354298e+02,1.716391737606680294e+02,5.609717040195613436e+02,1.254123643290544805e+03,1.391074860070371642e+03,1.586299701758714946e+03,1.529375458599853800e+03,1.745626299358965070e+03,1.097151361509897470e+03,1.441514799967612589e+03,1.529344215774424129e+03,1.381874415710231915e+03,1.058612848387811027e+03,1.080918784147695987e+03,1.056591724278162701e+03,2.079901675611657538e+03,2.027510607104499741e+03,1.603095733503298106e+03,1.423292468350012086e+03,1.630182105867478640e+03,1.164485272132226783e+03,5.800600659126756682e+02,1.192147593393364559e+03,1.319820149112062154e+03,1.134795845573491306e+03,6.731328634320254878e+02,5.292088279660588341e+02
1.409520661963445264e+03,2.768708701236727393e+03,1.913041019509136731e+03,1.150217977185882773e+03,1.408132672010517581e+03,1.462460064206466996e+03,2.516149795258226732e+03,2.313119532438608530e+03,1.693228774068225903e+03,2.297729960116186703e+03,1.107508978001099194e+03,6.399170381883388927e+02,2.461011555499233339e+02,inf,1.079709729548246742e+03,1.593970241156531984e+03,2.002339445844350621e+03,1.373938608639355607e+03,2.375104900714063206e+03,1.269440877460333468e+03,1.273117374194273225e+03,1.229211925254104244e+03,1.761927651274798336e+03,8.667107846223929073e+02,7.543939418619006574e+02,5.447639013269312045e+02,3.418442355635723970e+02,5.346721155176135198e+02,9.641645405862818734e+02,1.366832394613127690e+03,1.520640405054233270e+03,1.754934875980485003e+03,1.730459396522084035e+03,1.895750384450693218e+03,1.765502783326221788e+03,1.407520351439932256e+03,1.820314193433487617e+03,1.456624709420538238e+03,2.044303708113982793e+03,1.027762987997651408e+03,2.011922432327859724e+03,2.535796292021598674e+03,1.320436551394854405e+03,1.084763550258348232e+03,1.467666893016870972e+03,7.983858088150267349e+02,3.509324324604186813e+02,1.677919133772471014e+03,2.205873628588808515e+03,1.559922382202663357e+03,1.241448545070755699e+03,6.029798461908429772e+02
5.619584000131217181e+02,1.186617944998717348e+03,6.881203350067836482e+02,1.359177355869503003e+02,4.978673020635044111e+01,7.117682609035541930e+01,1.060900322748015242e+03,4.160060375333498541e+02,5.893197075315197253e+02,7.125695210076406738e+02,9.461311935740035324e+02,5.852215329663742978e+02,7.503387487749497495e+02,1.118351171667703966e+03,inf,5.805461686958162772e+02,9.464703261752388244e+02,8.069566721312346544e+02,6.995668254627382794e+02,7.419099550222719017e+02,1.154494868856694666e+03,4.106134851258040044e+02,6.847815049109578922e+02,5.359899471995461795e+01,3.096935520358102281e+02,1.024121473792045208e+03,1.188807040097583013e+03,6.423090895865107086e+02,5.869735175552943929e+02,8.849375139131128662e+02,6.256356568676752659e+02,3.075643678804520960e+02,7.309478819663809190e+02,3.044715284191148612e+02,2.684214841891799210e+02,2.822510608747448373e+02,1.929073569680516016e+02,1.057723146980434876e+02,1.739530844134550875e+02,9.175582326149800849e+01,7.846069437295134321e+02,1.121088830031598036e+03,4.462442955181734305e+02,2.726242268453812585e+02,5.115710858019563148e+02,3.720749439094632862e+02,1.244213697774584261e+03,1.139269348090191585e+02,4.335501312137312198e+02,7.125237312127874247e+02,6.740686496061755406e+02,1.778212376688779386e+03
4.415463699722912452e+02,9.812108388426805732e+02,7.154314693254526674e+02,6.992834720005100735e+02,3.139015428359846851e+02,5.468687114040277493e+02,1.016606010822026178e+03,7.040580179985494169e+02,1.442376777515671847e+03,8.285024827545187236e+02,1.776067412989056947e+03,5.279916840408915277e+02,7.290002123396062643e+02,1.501339847444592806e+03,4.280431556034068308e+02,inf,8.422541699976641212e+02,4.462043229701967562e+02,7.089072648204581810e+02,3.150827717606005649e+02,7.652951098112182535e+02,2.930081980052517565e+02,2.313296790788607495e+02,4.560656669270018710e+02,4.883855165903653415e+02,7.951807506387889362e+02,7.690504586041456605e+02,5.014795573650832239e+02,2.736763910651831679e+02,4.083430895907385434e+02,7.026656111570132452e+02,3.678962142318562769e+02,1.199896716725043007e+03,3.899155899779015044e+02,3.218457222415665342e+02,3.649196559377750759e+02,3.494254633728244244e+02,4.060503977509183073e+02,3.715535894433664907e+02,2.862669900822469913e+02,6.757897469059294053e+02,1.105738751686269552e+03,9.900580408114143438e+02,2.174906044221658874e+02,9.420721086679765222e+02,2.447767518305191743e+02,1.020382405924286900e+03,3.394479444028918920e+02,2.765693801382635684e+02,1.774519132237990107e+02,7.292437146425128276e+02,1.296976825392719093e+03
4.531435396754393423e+02,7.909653973194108403e+02,2.830621819453371586e+02,1.261970170817960934e+03,6.880962131895244056e+02,7.493586893897371510e+02,7.816337133967314230e+02,7.561640686522334818e+02,7.088168818579645176e+02,1.241268340641180657e+03,2.189292004095139873e+03,1.229034170511865113e+03,1.344267280274145833e+03,2.698691632853844112e+03,8.911636031776421305e+02,1.194425483634963030e+03,inf,3.247737401483059898e+02,5.886233275624232419e+02,6.401703273808586800e+02,4.563275484106715112e+02,6.058349435215881158e+02,4.683585243352461021e+02,1.094615716074454440e+03,8.393674937293204721e+02,1.095806001077067322e+03,1.119763815062593039e+03,1.093051881000519870e+03,6.683848184441795865e+02,5.772317620748032141e+02,5.331471188215369921e+02,7.639613490973453054e+02,1.107723051496272774e+03,8.597392856922427882e+02,9.247221596326688768e+02,5.863813440277998552e+02,5.948250933184503992e+02,9.566448579258528753e+02,6.692021088036601668e+02,6.032569571520834870e+02,5.376657914521185830e+02,5.228451843677947863e+02,9.112790192830725573e+02,5.936498445169323759e+02,8.124177591872972926e+02,1.027225048458204128e+03,1.578408304279674439e+03,1.084745388212862053e+03,6.307928119387973993e+02,5.232485183375094948e+02,1.672856529081112285e+03,2.617073171625976556e+03
1.619157792289867075e+02,1.019731167628215303e+03,1.938474839331961732e+02,4.831495606821831643e+02,8.272093476046844671e+02,8.777030423731283690e+02,6.798204494264728055e+02,7.542501131487418888e+02,1.116476770118775221e+03,9.230748029657131610e+02,2.067670975719555827e+03,1.220327962737624375e+03,1.711308102520308466e+03,1.771923733920189761e+03,8.462707513825089336e+02,7.901980131589876919e+02,4.431531466958854821e+02,inf,2.523319183471344331e+02,3.977965619428414357e+02,4.020793591772626883e+02,1.451757133626283860e+02,3.809109235370582951e+02,8.133370263930892179e+02,9.209601609563725333e+02,1.675899283138306828e+03,9.713992868557061229e+02,1.256065540559197188e+03,1.002337960625878509e+03,7.266956041111916420e+02,1.423474188937362044e+02,1.588318876966139328e+02,1.730504661450767571e+03,4.438787016688841618e+02,4.955267124908285723e+02,3.847610128405524392e+02,6.776315166788554052e+02,5.573455547913880537e+02,2.974044908164264029e+02,5.385840916363737279e+02,5.503931424120701195e+02,7.186460384409509743e+02,7.940363470561786698e+02,6.256317745345189678e+02,2.677120371337999813e+02,5.194206277838619599e+02,1.187802255136848771e+03,4.442380053519355556e+02,3.275120099288092774e+02,6.485357360574553240e+02,1.200417346550461389e+03,2.295231989098158465e+03
5.091089093941197916e+02,9.814385430817472979e+02,2.793154980022943050e+02,8.959952750969119961e+02,3.898058368140949028e+02,8.537805982578881867e+02,1.461034529276760850e+03,2.143928902827433944e+02,5.818381540292250520e+02,4.021261426018598968e+02,2.077753993797083695e+03,1.094158769651192642e+03,1.789259612737751922e+03,2.136612590822220227e+03,3.652913241491619374e+02,5.567150152962508400e+02,5.519574727390494218e+02,3.731827886360540560e+02,inf,8.521347597895038462e+02,4.502852110859019490e+02,3.112926708726226934e+02,8.791816532423351873e+02,6.275213185014310966e+02,8.042640230340475682e+02,1.615048769910414194e+03,1.724729380365930183e+03,1.380578033789591700e+03,1.237432913977337421e+03,5.916569376521186996e+02,3.394864138183560840e+02,2.951057571413616643e+02,8.693898085122891644e+02,3.633744138109172468e+02,3.125778780682770162e+02,2.970911448068251843e+02,3.401535159590575290e+02,7.157957765056711423e+02,5.060803085041792997e+02,3.155390064159184931e+02,1.512686305493432428e+02,1.440436885115937457e+03,7.335057123620179027e+02,5.216303452633821962e+02,1.468338371457281539e+02,6.375482297974862149e+02,1.064742030329733780e+03,6.400193506838051007e+02,2.495180713428576098e+02,7.271434522083758338e+02,1.192942285112437276e+03,2.349527122334955493e+03
3.248669605494426946e+02,1.064999607364954272e+03,7.093634326934011369e+02,7.017778349538078828e+02,4.655144984799928238e+02,5.413834852527298835e+02,5.501799050043213128e+02,1.252955008930133772e+03,1.224919701997429229e+03,9.931261285341491885e+02,1.756675917389585038e+03,9.076751737300279501e+02,1.365166866545666608e+03,2.033639743916514362e+03,6.095671307746669072e+02,2.231293771692166956e+02,9.980172756035525481e+02,5.946728420221538727e+02,8.551269044665559704e+02,inf,2.867697038497918243e+02,2.509460822753034108e+02,1.846296976612497929e+02,6.287657391421837474e+02,6.412948346796448504e+02,9.798382713871557144e+02,1.205789601589045333e+03,8.324458537764020321e+02,1.959401635239742632e+02,2.782499856497673250e+02,4.563043703595965894e+02,5.911171270061722680e+02,9.289321220565572048e+02,3.931065884519147176e+02,3.655636343762387810e+02,5.325074821845322504e+02,4.659445002259328703e+02,6.142630946764982127e+02,5.438156362729162083e+02,4.337830647904472130e+02,8.520288606440707326e+02,5.820799041383656913e+02,6.074402527507885452e+02,2.601384217471491525e+02,5.205787090849794367e+02,4.344926707042780549e+02,8.844858533427880047e+02,5.449226798464477497e+02,3.242866587839899921e+02,6.369046734671080401e+01,9.223451327396091983e+02,2.259927279103874298e+03
5.459449445940280157e+02,5.014398937440585655e+02,3.938475442521159380e+02,7.306338685382311269e+02,6.866434644789882213e+02,8.556069538781775918e+02,5.708645752294362410e+02,5.577799243685653892e+02,1.046726698527114195e+03,9.569924942436256288e+02,1.248771740466832625e+03,1.050959748228194485e+03,1.655770906377798610e+03,1.559682886973284440e+03,8.276213419732957846e+02,7.387712464052862060e+02,2.691107036816140408e+02,2.916516351147422483e+02,4.910214112067234282e+02,3.610333227487757881e+02,inf,3.620120938856979933e+02,3.720034661616757603e+02,7.349181553091605110e+02,8.708782511191496951e+02,1.603642578285274112e+03,1.598156005674792141e+03,1.308040180045485158e+03,9.106923468193716644e+02,4.368788192388518041e+02,2.693254198822054377e+02,6.258313556979067016e+02,1.561420900987326149e+03,4.102747151576205056e+02,4.214923289526307144e+02,5.418128861992299790e+02,7.863842898732916638e+02,5.556668627270854586e+02,6.112363490779027870e+02,8.642049889456324081e+02,9.082122145321650351e+02,3.164881736189366279e+02,1.030281398053293742e+03,3.843283111044048042e+02,8.338906697570635060e+02,9.716731170074989450e+02,1.268968929874295100e+03,1.001617448254460442e+03,5.080863130647697403e+02,5.714314056629300467e+02,1.743192519057242635e+03,1.610457589472241352e+03
8.162112676158469071e+01,1.137309588617604504e+03,2.518380046160541497e+02,5.742749982068119152e+02,6.545760163342926035e+02,5.475597001898314602e+02,5.597697597553748210e+02,7.520291982692903048e+02,7.532930821565794304e+02,1.034238568213806730e+03,1.630879449948001366e+03,1.125521041030646757e+03,1.627185297923703502e+03,1.941655174683679206e+03,4.796678786791786138e+02,2.676644632428458408e+02,3.878858411273752722e+02,1.800624533201791451e+02,3.300516406175124757e+02,3.954135487807111531e+02,4.585302165008452562e+02,inf,2.028279754886940509e+02,5.230629003866292805e+02,6.632501160221207783e+02,1.052338311982490495e+03,1.065802133100285346e+03,1.465315467580811628e+03,5.465209836888308246e+02,5.291825650317489362e+02,1.830153387247820547e+02,1.326348069732190140e+02,1.004653638429672924e+03,2.836938006590097530e+02,3.157289197286104354e+02,2.675763010574528380e+02,3.007096468191501799e+02,2.966087155059308316e+02,3.806078451207695821e+02,2.551874423777716743e+02,5.372585125780653925e+02,6.007266279945279166e+02,8.065087867221292299e+02,2.730076109026093718e+02,2.967996515945744704e+02,3.557071777665369154e+02,9.345332051256947352e+02,3.881556847411155218e+02,9.235223717676413457e+01,2.137965277208937493e+02,1.059456114220790596e+03,1.260507424944956256e+03
3.490506794267365649e+02,9.987526300535746486e+02,5.994244956344066395e+02,8.214037913878370318e+02,4.029168195453019052e+02,5.317859212364500081e+02,4.501787776936606065e+02,1.000969247409568766e+03,1.051050802658832026e+03,1.168203905674462021e+03,1.457463439433002122e+03,7.351415267727429637e+02,9.082168518458496465e+02,2.024111554412973874e+03,7.142968430331794707e+02,3.142373034407719388e+02,4.078735337399220953e+02,4.151320928562849417e+02,8.772692530258229908e+02,1.799989825793251441e+02,2.888772889366786103e+02,2.866218033828485545e+02,inf,6.656974512613203387e+02,6.939953639575844591e+02,8.721005385802305909e+02,1.611019837804725512e+03,9.818776102632205038e+02,4.728730141309715691e+02,2.029600533733067493e+02,2.547535226823590335e+02,3.640047060431935506e+02,1.899136001353266693e+03,2.872840787277019672e+02,2.700590265160639660e+02,3.948115132613315268e+02,6.610754396019334536e+02,6.181973343965628374e+02,5.898439376648079815e+02,6.804193795895478161e+02,6.351247327297230640e+02,4.896374856344032764e+02,9.729753551762190682e+02,4.636475136989431007e+02,5.348889387429612725e+02,7.076409284925364318e+02,1.382178974509577756e+03,5.357683059407316932e+02,4.695754106592294761e+02,1.214329177974600356e+02,1.327247320317593676e+03,2.509531412212880696e+03
5.140817037201551329e+02,1.205377741404526660e+03,5.650348193094624776e+02,1.687820723486200905e+02,3.498107034106737245e+01,1.062341185086904289e+02,1.462213318385705406e+03,7.987920679678437637e+02,1.020681055880168287e+03,9.809702094123362031e+02,8.069167927881704827e+02,7.322546222940180769e+02,1.207520470540939868e+03,1.671459462366386106e+03,5.299737201752144955e+01,3.654818688034249590e+02,1.113683687593776540e+03,4.262228922516859484e+02,5.512316016799265981e+02,4.046715413667143366e+02,6.524403198718912336e+02,3.977009910580274550e+02,7.898967916773184470e+02,inf,2.393900600171457711e+02,9.297086782487219807e+02,8.029334798743426518e+02,6.652467166857309167e+02,6.507564298437281423e+02,7.808229930747802428e+02,6.958502734809077310e+02,3.059292024141983575e+02,7.720033065018176330e+02,2.517741541464003205e+02,1.493488112926428641e+02,1.704784163197788303e+02,1.190142219557808119e+02,6.797979079185058993e+01,1.402039239521838851e+02,9.579136232367594062e+01,8.430826081540980113e+02,8.969348244314189742e+02,4.275218506172797106e+02,3.202015556341472688e+02,6.129966628049460269e+02,1.289422932677293261e+02,6.673802184590025490e+02,2.317466343232969450e+01,2.916169183302461647e+02,3.483000767928274968e+02,5.307488288188452543e+02,1.179928999803573788e+03
4.118718544372208044e+02,1.935821772961830447e+03,7.240552343930260122e+02,1.633809821356291536e+02,1.720899929498303322e+02,1.422529790320802476e+02,1.244282454891932957e+03,1.212062407493544470e+03,7.505538273336796919e+02,6.160877142053533362e+02,1.256457431833879809e+03,3.984818569614336070e+02,6.097510903927807249e+02,7.475674694715651185e+02,3.093684915031652736e+02,6.049016698732200439e+02,1.548955497889709477e+03,1.062155218540246551e+03,8.370324794292192792e+02,6.582944736069412102e+02,9.247302720741204212e+02,4.202646511112350822e+02,7.003630770657179028e+02,2.366079485233744606e+02,inf,6.694110543383284266e+02,6.127682426250828485e+02,6.180212251097034368e+02,5.396047884159569321e+02,6.551336895227776722e+02,1.098305671718847179e+03,6.106077368950726623e+02,5.710051187121155181e+02,3.357374989398017533e+02,5.546877175714618033e+02,4.154351775776596014e+02,4.076760969602588602e+02,2.994116316156898847e+02,4.221010546794324227e+02,3.289978949073081367e+02,7.313689769053040663e+02,1.841273097000034113e+03,6.938915113809185868e+02,3.318475771828248071e+02,6.506438779380368942e+02,2.322876884257055394e+02,6.742502911794056217e+02,2.703197497921000831e+02,3.447624237485031813e+02,6.476068251212600444e+02,6.656374193367183807e+02,1.212258004653792796e+03
1.295923846143490891e+03,2.310445520983812912e+03,1.184239912308067233e+03,8.776990446117306419e+02,6.097856026342155928e+02,9.080333278570184348e+02,1.234607142747359831e+03,1.084626655819364487e+03,1.537521572405285042e+03,1.237198624258154723e+03,5.520492954999504036e+02,4.837940585556191877e+02,3.310738772356926347e+02,7.114376079921805740e+02,9.082643534932699367e+02,5.809107157877573400e+02,1.103847118835588390e+03,8.249519159122131668e+02,1.566029786026266493e+03,8.209393872784510222e+02,1.625181609278189399e+03,1.478583315378152975e+03,7.840013363249328222e+02,8.407368036839366141e+02,7.618596920641671204e+02,inf,2.041529486754917571e+02,1.681889636237222589e+02,5.404613538568793274e+02,1.409263929290799069e+03,1.658022578732564625e+03,8.856296829019048573e+02,1.641981705344867578e+03,9.710898949052361786e+02,6.685266372559901811e+02,8.570040734823245430e+02,1.087827455678364913e+03,1.125009812186552836e+03,1.113079044999958342e+03,1.021522737448349858e+03,1.333897971056576125e+03,1.837969499376837575e+03,1.119574689045434297e+03,7.236209341385699645e+02,1.362843185277500424e+03,7.731647345032730527e+02,2.486393802002781399e+02,5.115785944237294984e+02,1.314842919811393358e+03,7.369695026677867418e+02,4.751960701128253959e+02,7.804473102854690296e+02
1.385723329390964182e+03,1.245351703833084912e+03,1.274631395419001592e+03,1.001139914431619104e+03,6.581469835410742917e+02,6.635732930905942339e+02,2.430132311030715300e+03,1.145933344811847292e+03,1.104978471994446863e+03,2.029472867584695223e+03,7.644622308875771068e+02,3.347152786551224608e+02,2.540753249807530096e+02,6.038949378880814720e+02,1.061178478449037584e+03,6.198896778682378681e+02,1.470908489706433556e+03,1.466087107194301097e+03,1.828719885482727932e+03,1.485360470705298894e+03,1.455945346316607811e+03,1.374625534068405159e+03,1.435658741258809869e+03,8.274321071972534583e+02,8.163494788970563150e+02,2.457025478321479852e+02,inf,1.951814495173181569e+02,1.304040283763291654e+03,1.305757420527029581e+03,1.573958121207072509e+03,1.176761844954805156e+03,9.764784240557868316e+02,9.150059763077715616e+02,9.748436481411490604e+02,9.904363542229391442e+02,1.212217027895908814e+03,1.056660262994192863e+03,9.701742304514215220e+02,1.262201036558010173e+03,9.889000031693487927e+02,2.105540288520241120e+03,1.112040334465262276e+03,1.229297018289221114e+03,1.504831121876101633e+03,5.536284102449270677e+02,5.776433092134210483e+02,5.193074938403498209e+02,1.105432812824573830e+03,7.613594661104463057e+02,7.813979926743746773e+02,6.711584011279213655e+02
1.375234052656133599e+03,2.087942556502941898e+03,8.896066957068959482e+02,5.261492465464031056e+02,4.496978771214305652e+02,4.766218950728418804e+02,1.399057981440181948e+03,9.819448558480677320e+02,9.942964575968397867e+02,1.408287957533519375e+03,5.544090749350394844e+02,3.184315916069749619e+02,3.201694360938726618e+02,7.676022531710298153e+02,6.803986729772490207e+02,6.192982728685818756e+02,1.422297972852208204e+03,1.488214225929011718e+03,8.881646827847451959e+02,7.559780279675766224e+02,1.591140688892120124e+03,7.248327170776515231e+02,1.134092911636270401e+03,7.085767189818329825e+02,3.037296281392302149e+02,1.471721796890090559e+02,1.552228194705139117e+02,inf,1.198011799084535141e+03,1.127565939843918159e+03,1.569417696650294829e+03,1.040846659184737973e+03,1.348777926054286127e+03,6.280559481774026835e+02,1.097603491823025252e+03,8.552971543833109536e+02,7.738401486015887940e+02,8.927752883275215936e+02,8.699242846989809550e+02,7.091086880155276049e+02,8.672910582828076258e+02,1.723952187294167516e+03,5.816073124606189140e+02,8.901641253017755844e+02,1.514667517757739006e+03,7.922315842232389969e+02,3.967184808484208816e+02,7.452427592410468833e+02,7.745897233370344566e+02,8.272205101489176968e+02,6.650430610803889522e+02,7.666694690906988399e+02
6.003022350177351427e+02,1.236726953082255704e+03,6.663239876722745976e+02,7.922634895708877139e+02,4.965979598773386101e+02,6.895353081516192333e+02,8.210782751293630781e+02,1.063351634728069939e+03,1.102251232393759665e+03,1.118684033761264800e+03,1.325871034582078209e+03,1.320166566657951989e+03,1.330485746584273556e+03,1.205487699496989308e+03,8.993225827443454818e+02,3.933257565357769749e+02,9.396970610574435341e+02,9.469803849167576573e+02,1.400142881842584984e+03,2.058065706816348666e+02,8.837688832586017043e+02,5.555220868800911376e+02,2.857441521810508789e+02,4.387993277600670012e+02,9.386484751881397415e+02,8.181494667017340134e+02,9.690292528573028221e+02,8.451233090705386530e+02,inf,5.188656971370888868e+02,8.593146765501267055e+02,5.809931972243638256e+02,1.107185135540165220e+03,5.984934347201160563e+02,7.857110881585193738e+02,5.354647713770202699e+02,7.453186657779004918e+02,6.956245316134218228e+02,8.781993025484317741e+02,8.265309270612201544e+02,1.080214832135586448e+03,6.873851995376768400e+02,8.463020381352470167e+02,5.967682005971961416e+02,1.188264235326827929e+03,6.744004739776421502e+02,6.830800299058025757e+02,8.246143820052579940e+02,5.449622622625132635e+02,2.844793049693329294e+02,1.057331680564263479e+03,1.512901323763390337e+03
6.524719770468465185e+02,5.356211474356319968e+02,7.535791560812333501e+02,1.013428056193277484e+03,6.164910538950367709e+02,1.002036581552587108e+03,7.056375773813338128e+02,1.412843331791008950e+03,1.625606552451126390e+03,9.701892862679754899e+02,1.687941384571597382e+03,1.179966284605332021e+03,1.277400959544096850e+03,1.117867839579601423e+03,1.161586866087439148e+03,4.629200668358857911e+02,7.022947965423721826e+02,6.745913032758735426e+02,9.337412790092216710e+02,2.528569769533606575e+02,3.177435219429737003e+02,7.005351349454598449e+02,3.531208308732327055e+02,9.433607336663311571e+02,7.390531556906207697e+02,1.003847344385117253e+03,1.090207619144940963e+03,1.433454743614215204e+03,2.447024200020639739e+02,inf,5.056597372427439154e+02,7.192174776730811345e+02,2.241198922651256453e+03,5.594691902597897979e+02,5.886458383866059876e+02,5.314888006605621058e+02,7.853463283644359763e+02,9.661230202475521764e+02,9.478941891680923391e+02,7.364328164611617922e+02,8.000298698237172630e+02,3.949266913476554350e+02,1.201092126871440996e+03,7.059091504096776362e+02,6.572552031841267990e+02,5.605105146904560343e+02,1.034259328442078640e+03,5.858092697517795386e+02,6.091333418268386595e+02,2.565847216804867230e+02,1.518721590616527237e+03,2.082767430738806070e+03
1.986970247170109189e+02,8.606058982622416806e+02,2.789650718783514662e+02,9.034807758082737337e+02,6.201328908747402693e+02,9.436066874342992605e+02,4.899088121084462273e+02,5.084152776315391407e+02,9.921687790140737206e+02,6.663452312127208188e+02,1.084832932682086494e+03,8.582492601514478565e+02,1.724565248287455006e+03,1.440783945530337405e+03,5.761642736432974061e+02,5.844528502850881750e+02,5.227754164637449321e+02,1.353279556673508921e+02,5.706869736104204094e+02,2.875295699521241204e+02,2.869760338990861328e+02,1.306362090747015827e+02,2.930824104919498723e+02,7.929504616016395175e+02,7.707926262356544385e+02,1.134053747245410705e+03,1.824355004333606075e+03,1.019656399186603608e+03,4.686947227936888112e+02,2.857434041183811360e+02,inf,2.796684582550781215e+02,1.821153031013073814e+03,3.388373666278624796e+02,3.387168059980751309e+02,3.947819043415945544e+02,5.923984686490234708e+02,6.443269879020301687e+02,6.125625998544038566e+02,4.071330910007945363e+02,7.341995306725635828e+02,7.048102719840668442e+02,9.427455223569176042e+02,2.630506695800058310e+02,5.522565027708880052e+02,6.562285297757271110e+02,1.197610271135933544e+03,6.248933473983632894e+02,2.845311214334112719e+02,4.877740317736218003e+02,1.478565281633366794e+03,1.825212303074177953e+03
1.104553205311150492e+02,7.606491244371430867e+02,4.685394802610798024e+02,4.566445555950698463e+02,3.962779462158347314e+02,6.100016694000248663e+02,1.024756212196390607e+03,4.588743180650414502e+02,8.352276105310173762e+02,7.364392852631272035e+02,1.847650693818084164e+03,1.109488555120644151e+03,1.895186802132426919e+03,1.914567352412926994e+03,3.908878202883306585e+02,6.522443593489945215e+02,4.134716773432570562e+02,1.841072775970659166e+02,4.110178094701755640e+02,3.549746829973155968e+02,4.208419005039891658e+02,1.287199822078568161e+02,3.480180079838743836e+02,4.082478339728122592e+02,4.144236214105123395e+02,1.083846889905876424e+03,1.498631647915188978e+03,8.089658531167767705e+02,5.599710727372961401e+02,4.979771171443400704e+02,1.965201792375619618e+02,inf,1.326707918733514589e+03,2.135819037950466281e+02,1.334018508684661413e+02,1.225230037408693704e+02,3.342847629184448124e+02,3.515584454515268362e+02,2.032120309126522670e+02,3.132535175417287974e+02,4.030161503967517547e+02,1.234713689924063374e+03,6.903829151060074309e+02,2.610375454580650967e+02,1.708025773788654078e+02,3.063250519389083593e+02,1.569590303887026039e+03,2.651802427022859092e+02,4.747214684691748943e+01,5.426047521657953894e+02,1.140786436657419245e+03,1.729399858197014282e+03
1.057096872928780840e+03,2.057399326975964868e+03,9.004012592136447211e+02,8.665986317856452388e+02,5.472679336298557473e+02,6.898605053423216305e+02,1.446748219233026020e+03,1.191013830542491860e+03,5.964808201812394373e+02,8.716705892587756352e+02,1.166932428366578733e+03,1.102457968245518714e+03,1.675409627967527740e+03,1.720990435691684979e+03,6.522551427850050914e+02,1.583694803253889631e+03,1.206261779411069028e+03,1.439197222095288225e+03,1.198986764823001977e+03,9.028243367231511911e+02,1.624940769571570399e+03,1.674971690964519212e+03,1.215841226548369150e+03,7.015761482625491681e+02,1.108921970559129704e+03,9.321561958433815107e+02,1.305111575541227239e+03,1.479809398754787026e+03,9.888883588872818109e+02,2.067345077729900822e+03,1.880278771937420970e+03,1.112709339468784265e+03,inf,1.424198834131705780e+03,1.073042005862954056e+03,9.526217917337473864e+02,1.165793257545110464e+03,8.083582136520743688e+02,6.629031173210678389e+02,9.821031420342782212e+02,9.248247081650241626e+02,2.526723180903094089e+03,5.564400129704788469e+02,1.136110416158259795e+03,6.400918222485275919e+02,1.153452688696562518e+03,1.387093376812834549e+03,8.358025662684120789e+02,9.433713000770917461e+02,1.516046547974043960e+03,9.215594785046831703e+02,1.426981616162790260e+03
2.375923824524312238e+02,7.923259176472928402e+02,3.682289369808317474e+02,4.845825732403343409e+02,1.735369504505708846e+02,3.119070595293046608e+02,1.481567887917974303e+03,7.939169302539995670e+02,1.046978491640917355e+03,6.098270605767384041e+02,1.097153073506019609e+03,5.353183927374724362e+02,1.266994575644386941e+03,1.584609962910570857e+03,2.671974337828448256e+02,2.903060211722848862e+02,8.073791309312074418e+02,3.640422159972859504e+02,3.421674129751607438e+02,2.684313832209771817e+02,7.441236093904263953e+02,2.937903860581076287e+02,2.647571892907310485e+02,1.930959467214443066e+02,5.382066000390781255e+02,6.179508896366456838e+02,1.229406498616007411e+03,9.376947288772216780e+02,4.037487859920829010e+02,4.384015348160732515e+02,5.347407496000714673e+02,2.254446143144549524e+02,1.341502093941533758e+03,inf,4.075857614232984361e+01,3.204143058497054852e+01,1.219062171771766998e+02,1.249410084822352474e+02,7.633369881116330191e+01,8.891655131432227677e+01,4.960041651527761246e+02,1.257805455229394283e+03,3.887395043242737529e+02,8.212668641850174822e+01,3.085283078846474609e+02,2.705543606703619162e+02,1.388792498896469397e+03,1.455184082423523648e+02,1.724248214464715829e+02,2.207087066479065243e+02,6.723782306663551935e+02,1.737345177996508937e+03
1.384178772579508916e+02,1.254248050745283535e+03,6.025002718631651533e+02,3.355413278427038222e+02,2.356096779460953314e+02,2.928015780564535930e+02,9.195133114022388554e+02,4.305129220386881457e+02,8.934062633584039759e+02,5.887844779467370699e+02,1.518332092322918243e+03,9.414130331816421631e+02,1.499124029100706139e+03,1.634271693368159276e+03,2.294621267999384031e+02,2.164307292664116460e+02,9.644921257824629492e+02,5.416563120909751206e+02,3.293983063082812919e+02,4.456213784823473816e+02,5.897319317872680813e+02,3.096499463697889496e+02,5.399052992006040768e+02,2.791495359107352670e+02,2.954144960730538401e+02,1.152128138967115774e+03,6.508524978749751426e+02,6.038605398135343876e+02,7.274319392727745708e+02,7.208478480053597650e+02,2.655008200030536614e+02,2.415186560321028537e+02,1.124620242572946609e+03,2.839352210497267492e+01,inf,1.732077915466982176e+01,1.307240635695987407e+02,2.024190090361719570e+02,4.955781446388873235e+01,1.312267408489039440e+02,4.281292340251744122e+02,1.345194228278818400e+03,6.532398177330303497e+02,1.508386128949525471e+02,4.919612131450086281e+02,2.323270207621245618e+02,9.678235689253837108e+02,2.125382453919794727e+02,1.050653021917455163e+02,3.086571106946655618e+02,6.513184257419721916e+02,1.463560419346739991e+03
1.951908120100464998e+02,7.479163287996825602e+02,4.177360710166333888e+02,4.943544377004439525e+02,2.129769587369204658e+02,2.512982794453177462e+02,7.425940712309123910e+02,6.353938773486100899e+02,1.144020943905137983e+03,4.948639624243757567e+02,8.361669634945106964e+02,8.029790960761264387e+02,1.276203034349676500e+03,1.387181946562245230e+03,1.721814526940739825e+02,4.027683436526040168e+02,5.497905401264705461e+02,4.562208423139362026e+02,4.554958735047307528e+02,4.909714342656577628e+02,8.011595910003699146e+02,2.872698789534752564e+02,3.764576541053716596e+02,1.779090466951705594e+02,3.521947871873533700e+02,1.165905334647629843e+03,7.073119222597426869e+02,8.214342729844706810e+02,5.636262155645285929e+02,7.795762703893652770e+02,2.988107959893392831e+02,1.533722631938262850e+02,1.021869364648852297e+03,3.695473447133704781e+01,2.628519210394851058e+01,inf,8.649063546351068510e+01,1.836499469277264041e+02,7.334549579397031493e+01,8.465930047122981250e+01,6.720379219611146482e+02,1.315565305399828958e+03,6.638964971701724380e+02,1.577846918595219847e+02,3.316844663351566282e+02,3.735546049674313167e+02,1.253639664486795255e+03,2.686944628860363196e+02,1.122837321766862573e+02,4.876262667776049966e+02,1.207812618978474802e+03,1.805754689260599207e+03
3.592045890698196899e+02,1.423334210291821364e+03,8.258543472787982864e+02,2.906260169888816449e+02,1.613081394509100619e+02,1.611344541987973287e+02,1.393358447563385425e+03,4.699124823614827164e+02,1.151326114594691944e+03,8.448866555714523656e+02,1.484918915254168041e+03,7.168467744100265691e+02,1.596632011864240440e+03,1.210115245599877198e+03,1.537038190257869985e+02,4.519605198710884792e+02,6.458013772798783521e+02,6.295677863070094418e+02,7.237329000752446291e+02,3.327697479487297301e+02,4.758803994192323898e+02,4.823909817037888956e+02,6.337175399160551024e+02,1.031979004652781953e+02,3.583569185513910611e+02,5.369095983928499436e+02,9.935658968724039823e+02,9.942341463281230745e+02,7.931921040903574749e+02,9.964849759100727624e+02,6.726914196275013182e+02,2.604067670023791266e+02,7.364295420854882650e+02,1.029868829055714201e+02,1.383275702819824460e+02,1.306131757800700655e+02,inf,8.425759920878955711e+01,5.268152413585326599e+01,4.487019198183687507e+01,7.202857430765593563e+02,1.354915205799972682e+03,5.299027610105796384e+02,2.564846453623674734e+02,4.367319530827055019e+02,2.479157684026729669e+02,1.163462676158344266e+03,8.902585479567430582e+01,2.173245554669727255e+02,5.638303083419459654e+02,1.037420578563129084e+03,1.250424728628124058e+03
4.795484132341802592e+02,9.682842632952638269e+02,6.770112871743723417e+02,1.571665291622778113e+02,5.657564913570386267e+01,1.563566825658172945e+02,1.413508438769367558e+03,8.554766868482583959e+02,7.775520187015456486e+02,8.885988566154469481e+02,8.320579027403632608e+02,4.444025123471009806e+02,8.937593781611523127e+02,9.471338380580152716e+02,8.195404314001895330e+01,4.143595889833395631e+02,1.006691197325281337e+03,6.144951332086794764e+02,4.692323287940911314e+02,3.609796249722257926e+02,6.098436746753816351e+02,4.553580659486989362e+02,5.883702184374035369e+02,5.103920949490376557e+01,3.827352866880132183e+02,5.704762947099962958e+02,5.899965528991998553e+02,8.568639929210365835e+02,7.186197819817480195e+02,9.393196220620096710e+02,5.106142850208512982e+02,4.099228205770440354e+02,8.682733274869613069e+02,1.782620697544196275e+02,1.450939459156298028e+02,1.705161066753088335e+02,3.926035755664143778e+01,inf,1.027341912242198418e+02,4.449789772535496724e+01,8.312932320707129747e+02,1.561481376347728656e+03,2.761981371894248127e+02,2.399258809987490508e+02,4.563532754466130541e+02,1.906947263324835262e+02,1.069904788961802069e+03,5.388427709190509773e+01,1.829721938448334697e+02,3.740554872862388720e+02,1.003044972092289413e+03,1.633375806875106491e+03
1.683070207166014427e+02,1.006048902001499414e+03,6.047239799898608226e+02,3.475196759035161449e+02,1.147179631296467761e+02,2.292337030797300486e+02,1.423480864951432523e+03,4.667334483478268794e+02,1.015547477496301894e+03,6.150917775718429539e+02,1.040084992897147686e+03,6.354402541466996581e+02,1.220871573015961530e+03,1.890582762617572598e+03,2.002088467762288246e+02,3.703507385324297729e+02,1.040935361748340938e+03,4.731415812870162654e+02,6.134251423391688149e+02,3.805209739452227495e+02,5.993813113146882188e+02,3.806633835128964165e+02,3.911183076215386905e+02,1.604529977899166511e+02,4.209769690797698445e+02,1.255344918719758653e+03,1.062155561416038154e+03,7.139052035349457128e+02,5.189841923631025793e+02,6.424720167745949766e+02,5.039030533248727579e+02,2.952849193881102110e+02,1.008790794689711220e+03,1.069839655074508613e+02,8.673141346122511663e+01,3.924442644939773572e+01,8.148058507012203222e+01,8.706669079923149468e+01,inf,8.221895655962279648e+01,4.284467689978506542e+02,9.493509103265686235e+02,6.290197575477288865e+02,1.615517182003601135e+02,3.568367811574057100e+02,2.394316624825646045e+02,9.415839870046964961e+02,1.749796088587870031e+02,2.277520605415123498e+02,3.966506122447618736e+02,7.742424164113613188e+02,2.164614174472667401e+03
3.696504754199571607e+02,8.889590108435024831e+02,7.641333518902434889e+02,3.507293573396905231e+02,9.778321100297334567e+01,1.561100483439230970e+02,1.528287435633413679e+03,7.487407504048926512e+02,9.945717308792119411e+02,5.565067819014134329e+02,1.186843483056447212e+03,9.140399973025381541e+02,1.394994370490904657e+03,1.853238956191838497e+03,1.182184581835426656e+02,4.477531688701236590e+02,9.637957294767440999e+02,6.024500472230008654e+02,6.484593396158113592e+02,5.963910294035682682e+02,5.802024946420184506e+02,4.931796672411450118e+02,5.366862381125624779e+02,1.115278157982234859e+02,2.278095557551731929e+02,6.520154262888979702e+02,6.281876819102219542e+02,1.013674009075797926e+03,7.601975036579531206e+02,6.716395858030102772e+02,3.952825400969500720e+02,2.417951606599816898e+02,9.199638477454902841e+02,1.623142517022641016e+02,1.383951775856875201e+02,1.310968798927916055e+02,5.229054156723202595e+01,6.778011315554084604e+01,7.673178950763806938e+01,inf,6.285643816506531039e+02,8.326395102451537014e+02,5.173994867505231241e+02,3.136100174320142173e+02,3.883444372078170659e+02,2.228263394586044797e+02,8.437141624999298983e+02,1.000581352236956434e+02,2.099288895125610281e+02,4.687062651400341338e+02,9.519032875791147035e+02,1.811415161244097817e+03
6.830252360439853874e+02,8.198519527310808144e+02,4.403970567589390726e+02,1.061658465783389374e+03,5.301902348621252941e+02,4.861284310980461214e+02,1.110476031577690037e+03,8.114705527508365890e+01,3.386255383492953683e+02,4.792557220838587568e+02,1.741096717444079104e+03,1.588904406094796968e+03,1.390711099154133308e+03,1.954156232819998877e+03,7.334936102757666276e+02,5.797591731692041321e+02,8.029418824286838117e+02,6.234191596215965774e+02,1.094307826424521863e+02,8.310456369714082712e+02,1.029285795326807829e+03,4.356592344372418211e+02,9.126624607585483773e+02,4.989422480715725783e+02,6.181833059608335361e+02,1.432187932038045346e+03,1.045020988963176023e+03,1.369323846030792993e+03,7.522172810010979447e+02,9.886836691663586407e+02,6.301007113589819255e+02,4.274454394061403377e+02,1.140151247224400549e+03,4.470509382534013980e+02,7.394172958150461454e+02,4.617735548639899434e+02,7.694635620470596677e+02,7.641189978375323335e+02,7.421577665235563472e+02,5.313293635040934078e+02,inf,8.426438475085233222e+02,6.602150597246511552e+02,4.832530318783362304e+02,2.851663532714889584e+02,1.161169742150065758e+03,1.979414292367667031e+03,5.301795176905058042e+02,3.710140447298430786e+02,6.729773582884149619e+02,1.537480664435317976e+03,2.859514977435848323e+03
5.802413037161720695e+02,1.393771646497177699e+02,5.190032886392779119e+02,1.849531255932297654e+03,9.258267651239810903e+02,1.402560814001198878e+03,7.563311976341596221e+01,1.390078035956567192e+03,1.422059625585836784e+03,1.578508934698942312e+03,1.656145918614896573e+03,1.463670935614151404e+03,2.206357289224863507e+03,2.707806725730324160e+03,1.495294187752130711e+03,1.104473345775506004e+03,3.979163845278224585e+02,5.318816380572175149e+02,1.451361761222633731e+03,6.087812560295712956e+02,2.721102062827737313e+02,6.013329158754594346e+02,4.218514142635714848e+02,1.150737809710508145e+03,1.125461948378947227e+03,1.926387924771263215e+03,1.590727707954564266e+03,2.210186910336548408e+03,9.702080949583258871e+02,3.728243254771161332e+02,7.282953636180188823e+02,8.121719177800727039e+02,2.431583545563162261e+03,1.342567012123441145e+03,6.733745995910278452e+02,8.284523294135892684e+02,1.444217154041464028e+03,9.324409604173390562e+02,9.053069034674134627e+02,1.005611995604537015e+03,7.534597705419441809e+02,inf,1.322074026737574059e+03,7.071295450397153672e+02,1.404559791642728896e+03,1.087541996579533816e+03,1.317072391711179080e+03,1.004096662388290497e+03,9.185496068419766971e+02,6.601893530209362098e+02,1.671311491672341845e+03,1.974846273313743495e+03
6.553752333000445560e+02,1.056092208870349168e+03,7.452687903837303338e+02,3.084346616556958907e+02,3.216865785308998511e+02,4.028551149509203242e+02,1.372379717769048284e+03,4.025072667426358066e+02,7.218711660829263792e+02,4.313985953199633627e+02,1.251672626701793661e+03,6.412745841607381863e+02,1.758260625713493255e+03,2.123702982117963529e+03,3.016567903441520002e+02,6.820848906956588280e+02,7.911553615111115505e+02,8.259244105915787486e+02,5.950485785513419614e+02,9.789783078901969020e+02,8.812770558669041066e+02,7.196029623737983911e+02,9.696863574352661317e+02,4.323559335234399441e+02,5.070166781482680562e+02,8.930942459563185594e+02,1.481394152540523010e+03,8.026977585655654366e+02,1.027460975459002384e+03,8.797055515732953381e+02,1.056987154551509548e+03,7.431630186554730244e+02,5.357529893747502001e+02,6.557440621274870409e+02,7.497432046026284524e+02,6.287105154229357140e+02,5.883775820819439559e+02,3.300867721930515586e+02,5.623540518075857335e+02,5.452677476270675925e+02,6.812986952184179472e+02,1.237695411529207604e+03,inf,6.986739482084556130e+02,3.943428614955922171e+02,5.394726411227929930e+02,1.646831840414200769e+03,5.795214501419010276e+02,4.552179180749558896e+02,6.008853415670247387e+02,6.950655110811784425e+02,1.641308268114851671e+03
3.034831439538338032e+02,1.383963997654209152e+03,7.891056987479023519e+02,3.632791091155066283e+02,4.033300796727636452e+02,4.405747526428215224e+02,1.000412472108278848e+03,4.872749556038477294e+02,6.527860199058366106e+02,7.859237723083999754e+02,9.474693338399227969e+02,1.049981084701407099e+03,1.045394803703089110e+03,1.523741039175467222e+03,3.956638366575750752e+02,1.867695833522668067e+02,9.305563210316914819e+02,5.108727818015418052e+02,7.842048115876649490e+02,2.886545105620044183e+02,7.635688686654516459e+02,2.326221039970145341e+02,3.055553261619564296e+02,2.171686621000939112e+02,2.622286765249106679e+02,9.364815489779539348e+02,9.601000032104575439e+02,1.113927251741416512e+03,3.333845548542159918e+02,6.081693769471834230e+02,2.607232913389420901e+02,2.912072311227690307e+02,1.335653692172977799e+03,1.176544947436721600e+02,1.869978414668601090e+02,1.148585624296353700e+02,1.739777297082469829e+02,3.446932729633676331e+02,1.885124171268912505e+02,2.654247192995102864e+02,8.744871937975146921e+02,7.416556257587642449e+02,4.196748614239646713e+02,inf,5.733801153396892687e+02,1.644669586785893216e+02,1.207181697147958630e+03,2.818555121242807218e+02,2.052882061242456473e+02,1.961517654142793390e+02,1.091396034875481291e+03,1.213851371521947840e+03
3.768870200719659351e+02,1.139847690620151070e+03,3.940540367334426151e+02,6.898463783543355703e+02,4.488764015945861843e+02,6.554456261327314905e+02,1.091313010029520910e+03,2.994582552179194295e+02,3.682058874901715058e+02,5.251281192655819723e+02,1.735384385265259425e+03,1.370921401624910004e+03,1.386546833159051175e+03,1.396819404779771730e+03,6.287660512444867891e+02,7.748737449846938716e+02,6.075190642324922692e+02,3.639519812039056887e+02,8.377684603488796711e+01,7.357011721073145054e+02,7.706280049119894784e+02,3.317756185207903172e+02,6.040806742603772364e+02,6.036585890513500772e+02,9.470753103918350462e+02,1.348187193242406920e+03,1.134635374822663152e+03,1.226130675222779928e+03,9.421424279299579894e+02,1.132960594479648989e+03,5.669316090402516011e+02,1.860755369492123350e+02,1.355614299164059048e+03,2.915729821792674556e+02,2.531912534003608357e+02,3.064125291558754611e+02,3.675602761052782625e+02,3.754220910326568514e+02,3.861193176326015077e+02,2.835329410827496872e+02,1.682179420936469967e+02,6.999697844732919521e+02,3.439211198590215872e+02,4.260375855489670016e+02,inf,6.529861706312329943e+02,1.500043797194248100e+03,5.796658883708959138e+02,3.827453643225385349e+02,8.811087582780880894e+02,1.058634165117997782e+03,1.633413912734433552e+03
5.372529598868983385e+02,1.365450865829112217e+03,5.971519703652712678e+02,3.567953524641222316e+02,3.201791318505183881e+02,2.632433808870321741e+02,1.147451436252484427e+03,1.186676730776623799e+03,1.384456103892810461e+03,1.054901179246491893e+03,1.354484519337134316e+03,5.208965775308143975e+02,7.101160694827922271e+02,1.380347045600870160e+03,2.724470691864425476e+02,1.898727814071815487e+02,1.402545728331802820e+03,6.622853822876760432e+02,8.034063307699063898e+02,3.407451330595617947e+02,6.014343614523152155e+02,3.071515776533305484e+02,5.393888804756899162e+02,2.224549107506274481e+02,2.544561448800374706e+02,8.671474370818840498e+02,7.286932934007437552e+02,8.438178569109644513e+02,4.686687559305013906e+02,8.979321038332112721e+02,5.080528304342827255e+02,4.991735879433501850e+02,1.032594357558861248e+03,1.799043613641844956e+02,2.087091922153317398e+02,3.807940253608161356e+02,2.024091738126522841e+02,2.045107330021538132e+02,1.686158472402647703e+02,3.501667600882628903e+02,7.698613512502389540e+02,1.261420861774035984e+03,7.097912743816895045e+02,2.093280346899011306e+02,8.107598270586212266e+02,inf,9.530157599529984509e+02,2.089456464960933033e+02,4.319939299336684826e+02,4.196241475277544168e+02,5.786266565240890714e+02,1.607699264051139153e+03
8.439509782244278995e+02,1.360148355565866950e+03,9.689165993206032681e+02,1.022864133450523582e+03,1.321211354002133248e+03,8.239634668716004171e+02,1.815656285158945366e+03,1.437879210559579406e+03,1.399180970071324964e+03,2.140705652064612423e+03,7.123404689972524011e+02,9.279389837355670352e+02,5.868052532852070726e+02,5.829006235588029767e+02,1.079704949599365818e+03,6.213146692028270763e+02,1.445333574496267147e+03,1.346887799734347027e+03,9.682856826769987038e+02,1.287711371582656966e+03,1.859731833961958500e+03,1.403104527108830553e+03,1.440405446754794411e+03,9.915282982850777671e+02,7.847295721739376404e+02,2.594962106513551134e+02,3.796978145419490147e+02,3.652003083335934548e+02,5.434565114018452050e+02,1.207242356401031202e+03,1.723366465435174632e+03,1.141623952773780275e+03,1.160777839771855724e+03,6.289047552372358041e+02,1.219506083766909342e+03,1.315894983412522834e+03,7.442664621692226774e+02,1.294509390757501023e+03,9.806812334935336821e+02,1.003285115209391165e+03,1.205380181315668779e+03,2.005051488746887799e+03,1.156791738869688970e+03,7.910732596276949380e+02,1.178141079090667745e+03,5.131611609134077980e+02,inf,6.471812150472569556e+02,9.819341326881409486e+02,8.831676610540148431e+02,7.643886743628162321e+02,7.538604589867845789e+02
3.002918517186361669e+02,1.292551194791711168e+03,6.588084485063767488e+02,2.093629894901542343e+02,5.139052287336993885e+01,7.370380415204952840e+01,1.123092998684903705e+03,5.030948892867201039e+02,8.196486126452762164e+02,9.811336002688306053e+02,9.392789204037341051e+02,4.956020091884784051e+02,9.189699329571348017e+02,1.066723036774411639e+03,1.115816908063646054e+02,4.137798763099692678e+02,1.009114911008761169e+03,8.169733167884406839e+02,6.232891503895124288e+02,6.303861853134071680e+02,7.796349964296025519e+02,2.811611587237077288e+02,4.954767716260729458e+02,2.935906493944565199e+01,1.464585561649779493e+02,6.697836633090651048e+02,7.673127166892085143e+02,5.743137532292654441e+02,6.266068257957122114e+02,1.099445084564337549e+03,5.085827867537840916e+02,3.625704059737268494e+02,6.582173908512042999e+02,2.498939611226179522e+02,1.349142407925267548e+02,1.405408029984321843e+02,9.062163751378921006e+01,5.495766305563611809e+01,1.701268461923123425e+02,7.686026124234216184e+01,9.451183261942655918e+02,8.532874907051799482e+02,5.384989057871600835e+02,2.431236703587383658e+02,3.873832080702121061e+02,2.292777201916589149e+02,6.793859360610139220e+02,inf,2.207427663484596678e+02,4.244831090605225654e+02,4.806445761779583563e+02,1.396737905509664870e+03
1.234135984172907712e+02,1.300597433567910684e+03,2.916734789731856381e+02,3.845250936100160288e+02,2.256655967786388715e+02,4.620914466398359650e+02,8.850591230382775620e+02,4.560064120430804451e+02,5.784826273562688357e+02,5.035537619641656875e+02,1.777149204023874518e+03,8.021786748446713773e+02,1.443394224192742286e+03,1.711276115566300177e+03,2.771719213289491677e+02,4.483662743761240108e+02,6.792504538741470697e+02,3.294444776917784452e+02,3.856573010932541479e+02,3.443325174766723080e+02,6.184968755936330354e+02,9.898614463344003411e+01,4.015155051079497639e+02,2.864584974626894223e+02,7.121720531560614518e+02,7.671089837778234823e+02,8.248159453205618092e+02,1.091369136942806108e+03,6.904770015951887672e+02,6.324406047039260557e+02,2.392813128107863747e+02,6.313461635141921136e+01,7.807073977847909418e+02,1.595126432396925793e+02,1.494971138268464586e+02,1.412399086298966893e+02,2.717094370430584149e+02,2.082272656935587065e+02,1.355100033830181303e+02,1.506554745457392244e+02,6.312066226858454456e+02,1.161561118217771991e+03,6.754346851948531594e+02,2.805588648020260507e+02,1.869660585793279495e+02,2.566412725538979203e+02,1.102697710256581104e+03,2.976445004978413067e+02,inf,3.224205310611994264e+02,1.444537647545417258e+03,1.851583367367419442e+03
4.194507065674911814e+02,9.396950851303657828e+02,7.329368865978256053e+02,9.094411341524173622e+02,6.573396035905566350e+02,8.163781932699932895e+02,1.136446286526959739e+03,5.932317589636061257e+02,1.097471229315118080e+03,7.695115118458855932e+02,1.298865624629442891e+03,7.695487501450677428e+02,1.582537134013724653e+03,1.424236167728274495e+03,7.480909748483320527e+02,1.715822399278808632e+02,1.025236550028316515e+03,4.286417146866067469e+02,6.951460474384608688e+02,7.055804858304064453e+01,4.967151207476397303e+02,4.550117340380766109e+02,2.057471126232525478e+02,6.538192549422730053e+02,6.957365168580779482e+02,1.114168793524468583e+03,1.378681818805970806e+03,7.489095437198191121e+02,2.239194241939579229e+02,2.095902874958197515e+02,3.168691432820600653e+02,3.174322464765513701e+02,1.828956441222867852e+03,3.808587811891704860e+02,2.631958326573594604e+02,5.294816069361861537e+02,4.861757052019929688e+02,5.833686986557710270e+02,4.288916010701764776e+02,3.152288982925788332e+02,8.402577900086130285e+02,6.245813046033989622e+02,1.090234587084107261e+03,3.456592727427856744e+02,6.552024996544488431e+02,2.855490899438274823e+02,7.172572227330707619e+02,5.597091395462974788e+02,3.666687250224767354e+02,inf,1.546131310703660347e+03,1.713308213861816284e+03
7.631988852902012468e+02,2.227772719273504663e+03,9.129226292595157020e+02,3.949369074606939876e+02,9.097903066216778143e+02,6.355742283964575563e+02,2.561887581944760313e+03,1.688362448043749055e+03,1.366562575282495118e+03,1.438850558212072656e+03,5.015618157665497279e+02,3.136333484399822851e+02,6.841234548601642018e+02,1.286142713153982641e+03,6.755811435447294571e+02,7.107597278554137574e+02,1.608879228234622133e+03,1.141031713899691340e+03,1.346809485590758413e+03,9.481802812998092804e+02,2.071799044956507259e+03,1.562556789032141523e+03,1.544589108890756279e+03,7.281517486080427943e+02,5.334301771318612282e+02,7.006582391455816605e+02,5.317068384399099159e+02,3.157751118196120501e+02,1.623282611030311045e+03,2.000951687048760277e+03,1.283177316480998797e+03,1.329243910276686847e+03,6.306495337249563136e+02,1.295591279642369955e+03,8.011484018946407559e+02,8.452324635794203687e+02,7.648906757866681119e+02,7.631005513979395118e+02,5.912502165884390024e+02,1.003585719606565590e+03,9.520470573119537221e+02,1.909258344701785063e+03,8.779879384284652133e+02,1.122644612152535728e+03,1.448994188518140163e+03,8.113552697303310879e+02,8.456223399293593275e+02,9.635403016588037417e+02,7.989336533257190922e+02,1.239306961674266631e+03,inf,6.822807200477284368e+02
2.117013802422959998e+03,2.698196654787264379e+03,1.652778741368365218e+03,9.691274866462721320e+02,1.709567913989298177e+03,1.121236912690358622e+03,3.291686992766614821e+03,1.843036138834416988e+03,2.923078772845877211e+03,2.805122701213035725e+03,3.677418486599128755e+02,1.067640927229504996e+03,5.299323767630307884e+02,3.530202652249774360e+02,1.800918391676181500e+03,1.168513191734441762e+03,2.661862888840790674e+03,2.392216468709019864e+03,1.564929283257058387e+03,1.105318053298607765e+03,1.440002241121479074e+03,1.640558605573573459e+03,1.238938378238892710e+03,1.302962102983272871e+03,1.538660980526243293e+03,1.036367355469855738e+03,6.631418095591134261e+02,5.557569504601445942e+02,1.272164837005390154e+03,1.366521209018349509e+03,2.298720665145562634e+03,1.407005586376594920e+03,1.463602453098419346e+03,2.156633573663579682e+03,2.130708070586815211e+03,1.696231392650988710e+03,1.708570933176464678e+03,9.891894999272511768e+02,1.980233477186154005e+03,2.042761119532289968e+03,2.667186082484314284e+03,2.608872778321813712e+03,1.950785517486599019e+03,1.728084966336436537e+03,1.631438316465355001e+03,1.187203355179682148e+03,7.804890857692140571e+02,1.756490344625152602e+03,2.154019204087263915e+03,1.452451966445833477e+03,6.782589906359619363e+02,inf
