80,70,0.43864141869890505,1.5670496013143944,3.7271058793396525,0.04691298656415111,13 -> 12 -> 27 -> 26 -> 25 -> 46 -> 28 -> 19 -> 49 -> 15 -> 35 -> 9 -> 8 -> 7 -> 40 -> 18 -> 44 -> 38 -> 36 -> 23 -> 47 -> 4 -> 5 -> 14 -> 37 -> 39 -> 3 -> 24 -> 45 -> 43 -> 34 -> 33 -> 48 -> 0 -> 21 -> 30 -> 17 -> 2 -> 16 -> 6 -> 1 -> 41 -> 20 -> 22 -> 29 -> 31 -> 42 -> 32 -> 50 -> 11 -> 10 -> 51 -> 13,9382.473620513094
70,70,0.34748339855171356,1.5612574266255717,3.891328382977491,0.049354632527032705,5 -> 14 -> 4 -> 47 -> 23 -> 37 -> 36 -> 38 -> 35 -> 34 -> 33 -> 43 -> 48 -> 31 -> 21 -> 0 -> 39 -> 44 -> 18 -> 40 -> 7 -> 9 -> 8 -> 42 -> 3 -> 24 -> 45 -> 15 -> 49 -> 19 -> 22 -> 17 -> 30 -> 20 -> 2 -> 16 -> 41 -> 6 -> 1 -> 29 -> 28 -> 11 -> 27 -> 26 -> 25 -> 46 -> 12 -> 13 -> 51 -> 10 -> 50 -> 32 -> 5,9094.311995334028
73,77,0.4492457679275024,1.5444787698223992,3.742197030302722,0.04767937071718462,27 -> 26 -> 25 -> 46 -> 12 -> 13 -> 51 -> 10 -> 11 -> 50 -> 4 -> 39 -> 38 -> 34 -> 35 -> 33 -> 36 -> 37 -> 47 -> 23 -> 5 -> 14 -> 3 -> 24 -> 48 -> 31 -> 0 -> 21 -> 22 -> 19 -> 49 -> 43 -> 45 -> 15 -> 28 -> 29 -> 41 -> 6 -> 1 -> 17 -> 30 -> 20 -> 16 -> 2 -> 44 -> 18 -> 40 -> 7 -> 9 -> 8 -> 42 -> 32 -> 27,9219.041919318142
70,70,0.45257486302369954,1.5597153174932379,3.7399146893901234,0.05713036196605987,5 -> 14 -> 4 -> 47 -> 23 -> 37 -> 39 -> 36 -> 38 -> 34 -> 35 -> 33 -> 43 -> 31 -> 48 -> 0 -> 21 -> 17 -> 30 -> 20 -> 22 -> 19 -> 49 -> 15 -> 45 -> 3 -> 24 -> 11 -> 27 -> 28 -> 29 -> 1 -> 6 -> 41 -> 16 -> 2 -> 44 -> 18 -> 7 -> 40 -> 42 -> 9 -> 8 -> 32 -> 50 -> 10 -> 51 -> 13 -> 12 -> 26 -> 25 -> 46 -> 5,9286.73561385737
75,70,0.439685513898962,1.512764458176761,3.848743795954265,0.05015430098762723,36 -> 39 -> 38 -> 37 -> 47 -> 23 -> 4 -> 14 -> 5 -> 3 -> 24 -> 45 -> 15 -> 49 -> 19 -> 22 -> 30 -> 21 -> 0 -> 48 -> 31 -> 35 -> 34 -> 33 -> 43 -> 2 -> 17 -> 20 -> 29 -> 41 -> 6 -> 1 -> 16 -> 44 -> 18 -> 40 -> 7 -> 8 -> 9 -> 42 -> 32 -> 25 -> 26 -> 27 -> 11 -> 50 -> 10 -> 51 -> 13 -> 12 -> 46 -> 28 -> 36,9322.966085855234
74,74,0.43608902338327893,1.5889556216908842,3.770846692535655,0.053136483163289734,20 -> 30 -> 17 -> 21 -> 0 -> 48 -> 31 -> 33 -> 34 -> 35 -> 38 -> 39 -> 37 -> 36 -> 47 -> 23 -> 4 -> 14 -> 5 -> 24 -> 3 -> 42 -> 8 -> 9 -> 7 -> 40 -> 18 -> 44 -> 2 -> 16 -> 41 -> 6 -> 1 -> 29 -> 22 -> 19 -> 49 -> 28 -> 15 -> 45 -> 43 -> 26 -> 27 -> 25 -> 46 -> 13 -> 12 -> 51 -> 10 -> 32 -> 50 -> 11 -> 20,9383.878635908944
73,70,0.3629613421980266,1.4936157899672038,3.7324443355021835,0.0436798148054026,0 -> 21 -> 31 -> 48 -> 39 -> 38 -> 34 -> 35 -> 33 -> 36 -> 23 -> 47 -> 37 -> 4 -> 14 -> 5 -> 3 -> 24 -> 45 -> 15 -> 43 -> 30 -> 17 -> 2 -> 18 -> 44 -> 40 -> 7 -> 8 -> 9 -> 42 -> 32 -> 10 -> 50 -> 11 -> 27 -> 26 -> 12 -> 13 -> 51 -> 46 -> 25 -> 28 -> 49 -> 19 -> 22 -> 29 -> 41 -> 6 -> 1 -> 20 -> 16 -> 0,8945.812680252146
73,70,0.3843812897520524,1.4085694918324372,3.752456168561006,0.05932707662056707,39 -> 38 -> 33 -> 34 -> 35 -> 36 -> 37 -> 23 -> 47 -> 4 -> 14 -> 5 -> 3 -> 24 -> 45 -> 43 -> 15 -> 21 -> 0 -> 48 -> 31 -> 44 -> 18 -> 40 -> 7 -> 9 -> 8 -> 42 -> 32 -> 10 -> 50 -> 11 -> 26 -> 12 -> 13 -> 51 -> 27 -> 25 -> 46 -> 28 -> 19 -> 49 -> 22 -> 41 -> 6 -> 1 -> 29 -> 30 -> 17 -> 20 -> 16 -> 2 -> 39,9253.046483337635
78,75,0.3404658254072409,1.599954955536782,3.8087409080569268,0.04577749141898064,5 -> 23 -> 31 -> 48 -> 0 -> 21 -> 22 -> 49 -> 19 -> 15 -> 45 -> 14 -> 4 -> 47 -> 37 -> 39 -> 36 -> 33 -> 34 -> 35 -> 38 -> 3 -> 24 -> 11 -> 27 -> 26 -> 25 -> 46 -> 13 -> 12 -> 51 -> 10 -> 50 -> 32 -> 42 -> 9 -> 8 -> 7 -> 40 -> 44 -> 18 -> 2 -> 17 -> 30 -> 20 -> 16 -> 1 -> 6 -> 41 -> 29 -> 28 -> 43 -> 5,8707.338492400306
83,80,0.3005944699878348,1.6713467480682607,3.7255120257995507,0.05216827338096797,9 -> 8 -> 40 -> 7 -> 18 -> 44 -> 31 -> 48 -> 0 -> 21 -> 17 -> 30 -> 42 -> 37 -> 4 -> 14 -> 5 -> 23 -> 47 -> 36 -> 39 -> 38 -> 34 -> 35 -> 33 -> 43 -> 45 -> 15 -> 28 -> 49 -> 19 -> 22 -> 29 -> 20 -> 6 -> 1 -> 41 -> 16 -> 2 -> 24 -> 3 -> 11 -> 27 -> 26 -> 25 -> 46 -> 12 -> 13 -> 51 -> 10 -> 50 -> 32 -> 9,9012.210057491666
79,76,0.3158639821494773,1.6064216685295345,3.8111228245847406,0.044722794693110024,20 -> 30 -> 0 -> 48 -> 35 -> 33 -> 34 -> 38 -> 39 -> 37 -> 36 -> 23 -> 47 -> 4 -> 14 -> 5 -> 24 -> 3 -> 43 -> 45 -> 15 -> 49 -> 19 -> 22 -> 21 -> 17 -> 2 -> 18 -> 44 -> 31 -> 40 -> 7 -> 8 -> 9 -> 42 -> 32 -> 11 -> 50 -> 10 -> 12 -> 13 -> 51 -> 25 -> 26 -> 27 -> 46 -> 28 -> 29 -> 1 -> 6 -> 41 -> 16 -> 20,9212.46972126944
74,80,0.2795529541087445,1.6428757809078247,3.7179494764860883,0.04668173641129599,6 -> 1 -> 41 -> 20 -> 30 -> 17 -> 31 -> 18 -> 44 -> 39 -> 38 -> 34 -> 35 -> 33 -> 43 -> 37 -> 5 -> 14 -> 4 -> 47 -> 23 -> 36 -> 48 -> 0 -> 21 -> 22 -> 49 -> 19 -> 29 -> 28 -> 15 -> 45 -> 24 -> 3 -> 11 -> 27 -> 26 -> 25 -> 46 -> 13 -> 12 -> 51 -> 10 -> 50 -> 32 -> 42 -> 9 -> 8 -> 40 -> 7 -> 2 -> 16 -> 6,8710.832009198988
77,70,0.38661483487418236,1.5182345085511149,3.899394779907123,0.0522683978407264,8 -> 9 -> 7 -> 40 -> 18 -> 44 -> 21 -> 0 -> 48 -> 31 -> 35 -> 34 -> 33 -> 38 -> 39 -> 36 -> 3 -> 5 -> 23 -> 47 -> 14 -> 4 -> 37 -> 45 -> 43 -> 15 -> 19 -> 49 -> 22 -> 30 -> 17 -> 2 -> 16 -> 20 -> 41 -> 1 -> 6 -> 29 -> 28 -> 25 -> 26 -> 12 -> 11 -> 27 -> 46 -> 13 -> 51 -> 10 -> 50 -> 24 -> 42 -> 32 -> 8,9243.332551862099
74,72,0.3249619414767098,1.5074546457662124,3.826846690923724,0.03932254161073144,42 -> 3 -> 5 -> 4 -> 23 -> 47 -> 37 -> 14 -> 34 -> 35 -> 38 -> 39 -> 36 -> 33 -> 43 -> 45 -> 48 -> 21 -> 0 -> 31 -> 44 -> 18 -> 40 -> 7 -> 9 -> 8 -> 2 -> 17 -> 30 -> 16 -> 1 -> 6 -> 41 -> 29 -> 19 -> 49 -> 22 -> 20 -> 28 -> 15 -> 24 -> 11 -> 27 -> 26 -> 25 -> 46 -> 13 -> 12 -> 51 -> 10 -> 50 -> 32 -> 42,8934.37748051361
74,76,0.31171309668637487,1.6816573667024304,3.8697774684143966,0.05195978814825841,39 -> 37 -> 36 -> 23 -> 47 -> 4 -> 5 -> 14 -> 38 -> 35 -> 34 -> 33 -> 43 -> 0 -> 48 -> 15 -> 45 -> 3 -> 24 -> 11 -> 50 -> 32 -> 42 -> 9 -> 8 -> 40 -> 7 -> 18 -> 44 -> 31 -> 21 -> 30 -> 17 -> 2 -> 16 -> 41 -> 6 -> 1 -> 20 -> 22 -> 49 -> 19 -> 29 -> 28 -> 46 -> 25 -> 27 -> 26 -> 12 -> 13 -> 51 -> 10 -> 39,9175.923845276939
85,78,0.3667091026651612,1.5577468475318859,3.8256249128151216,0.051190163376627795,22 -> 48 -> 30 -> 21 -> 0 -> 35 -> 34 -> 33 -> 38 -> 39 -> 37 -> 47 -> 23 -> 4 -> 14 -> 5 -> 36 -> 45 -> 15 -> 19 -> 49 -> 28 -> 29 -> 6 -> 1 -> 41 -> 20 -> 16 -> 2 -> 17 -> 44 -> 18 -> 40 -> 7 -> 9 -> 8 -> 42 -> 32 -> 50 -> 11 -> 27 -> 26 -> 25 -> 46 -> 12 -> 13 -> 51 -> 10 -> 24 -> 3 -> 43 -> 31 -> 22,9061.443187486275
85,75,0.2823064514218901,1.656841130703979,3.9007666388236206,0.045068436441978346,1 -> 6 -> 41 -> 29 -> 22 -> 19 -> 49 -> 28 -> 15 -> 43 -> 36 -> 39 -> 37 -> 23 -> 47 -> 4 -> 5 -> 14 -> 38 -> 35 -> 34 -> 33 -> 31 -> 48 -> 0 -> 21 -> 30 -> 17 -> 2 -> 44 -> 18 -> 40 -> 7 -> 9 -> 8 -> 42 -> 3 -> 45 -> 24 -> 11 -> 27 -> 26 -> 25 -> 46 -> 12 -> 13 -> 51 -> 10 -> 50 -> 32 -> 20 -> 16 -> 1,8958.781493573133
77,77,0.2855335504754912,1.5893284115045967,3.8625952727492225,0.04203437883811952,18 -> 7 -> 40 -> 44 -> 31 -> 48 -> 34 -> 33 -> 35 -> 38 -> 39 -> 36 -> 37 -> 5 -> 4 -> 14 -> 23 -> 47 -> 3 -> 24 -> 45 -> 43 -> 15 -> 0 -> 21 -> 30 -> 17 -> 2 -> 16 -> 20 -> 41 -> 6 -> 1 -> 22 -> 49 -> 19 -> 29 -> 28 -> 27 -> 26 -> 25 -> 46 -> 12 -> 13 -> 51 -> 10 -> 50 -> 11 -> 32 -> 42 -> 8 -> 9 -> 18,8882.026191305451
73,77,0.27385969448058456,1.5186289407509572,3.738791316435151,0.05519031212191775,7 -> 40 -> 18 -> 44 -> 31 -> 48 -> 47 -> 23 -> 5 -> 14 -> 37 -> 4 -> 33 -> 34 -> 35 -> 38 -> 39 -> 36 -> 43 -> 15 -> 45 -> 24 -> 3 -> 11 -> 27 -> 26 -> 12 -> 13 -> 51 -> 10 -> 50 -> 25 -> 46 -> 28 -> 19 -> 49 -> 0 -> 21 -> 30 -> 17 -> 6 -> 1 -> 41 -> 29 -> 22 -> 20 -> 16 -> 2 -> 8 -> 9 -> 42 -> 32 -> 7,9536.416557108874
82,75,0.3214143191069482,1.6132889398199641,3.8868982307234794,0.04735983172902014,9 -> 8 -> 7 -> 40 -> 48 -> 31 -> 44 -> 18 -> 2 -> 20 -> 22 -> 49 -> 19 -> 33 -> 34 -> 35 -> 38 -> 39 -> 36 -> 37 -> 47 -> 23 -> 4 -> 14 -> 5 -> 3 -> 24 -> 45 -> 15 -> 43 -> 0 -> 21 -> 30 -> 17 -> 16 -> 6 -> 1 -> 41 -> 29 -> 28 -> 46 -> 25 -> 26 -> 27 -> 11 -> 10 -> 51 -> 13 -> 12 -> 50 -> 32 -> 42 -> 9,9031.547805585891
82,77,0.33946612206326304,1.635139953946338,3.8983072224126825,0.04553455952887725,37 -> 36 -> 47 -> 23 -> 4 -> 14 -> 5 -> 3 -> 42 -> 38 -> 39 -> 48 -> 34 -> 35 -> 33 -> 43 -> 49 -> 19 -> 22 -> 20 -> 30 -> 17 -> 31 -> 0 -> 21 -> 18 -> 44 -> 40 -> 7 -> 8 -> 9 -> 2 -> 16 -> 41 -> 6 -> 1 -> 29 -> 28 -> 15 -> 45 -> 24 -> 11 -> 27 -> 25 -> 46 -> 26 -> 12 -> 13 -> 51 -> 10 -> 50 -> 32 -> 37,9121.837418030778
75,70,0.327128098931372,1.5619775235102218,3.7554636357162465,0.05331268333571565,6 -> 1 -> 41 -> 29 -> 49 -> 19 -> 22 -> 33 -> 35 -> 34 -> 0 -> 21 -> 48 -> 31 -> 30 -> 17 -> 44 -> 18 -> 40 -> 7 -> 9 -> 8 -> 42 -> 3 -> 5 -> 47 -> 23 -> 4 -> 14 -> 37 -> 36 -> 38 -> 39 -> 43 -> 24 -> 45 -> 15 -> 28 -> 46 -> 25 -> 27 -> 26 -> 12 -> 13 -> 51 -> 10 -> 50 -> 11 -> 32 -> 2 -> 16 -> 20 -> 6,9342.502589480759
74,81,0.4000536729516969,1.512272304115658,3.8951917598167887,0.04798237245665554,21 -> 0 -> 48 -> 31 -> 35 -> 34 -> 33 -> 38 -> 37 -> 36 -> 39 -> 47 -> 23 -> 14 -> 4 -> 5 -> 3 -> 42 -> 18 -> 40 -> 7 -> 44 -> 2 -> 20 -> 17 -> 30 -> 22 -> 19 -> 49 -> 6 -> 1 -> 41 -> 29 -> 28 -> 15 -> 43 -> 45 -> 24 -> 11 -> 27 -> 26 -> 25 -> 46 -> 13 -> 12 -> 51 -> 10 -> 50 -> 32 -> 9 -> 8 -> 16 -> 21,9291.266288098515
81,78,0.35887059911156627,1.5654228972957864,3.863703652100908,0.05403130912450015,23 -> 47 -> 39 -> 37 -> 4 -> 14 -> 5 -> 3 -> 24 -> 45 -> 36 -> 38 -> 35 -> 34 -> 33 -> 43 -> 15 -> 49 -> 19 -> 22 -> 29 -> 28 -> 0 -> 48 -> 31 -> 21 -> 17 -> 30 -> 20 -> 1 -> 6 -> 41 -> 16 -> 2 -> 11 -> 27 -> 26 -> 25 -> 46 -> 13 -> 51 -> 12 -> 10 -> 50 -> 32 -> 42 -> 9 -> 8 -> 40 -> 7 -> 18 -> 44 -> 23,9147.444759965107
79,75,0.3206336835571992,1.5437511320754265,3.8989970406311927,0.041675747569531525,36 -> 39 -> 37 -> 23 -> 47 -> 5 -> 4 -> 14 -> 3 -> 38 -> 34 -> 35 -> 33 -> 48 -> 31 -> 21 -> 0 -> 17 -> 30 -> 20 -> 22 -> 19 -> 49 -> 45 -> 43 -> 24 -> 11 -> 27 -> 26 -> 25 -> 46 -> 13 -> 12 -> 51 -> 10 -> 50 -> 32 -> 42 -> 8 -> 9 -> 7 -> 40 -> 18 -> 44 -> 2 -> 16 -> 1 -> 6 -> 41 -> 29 -> 28 -> 15 -> 36,8569.53455373521
81,77,0.3245230595701757,1.5562098879047537,3.778014787465423,0.04382236477146503,46 -> 25 -> 26 -> 27 -> 11 -> 3 -> 5 -> 4 -> 14 -> 39 -> 38 -> 35 -> 34 -> 33 -> 36 -> 37 -> 23 -> 47 -> 45 -> 15 -> 19 -> 49 -> 22 -> 20 -> 30 -> 21 -> 0 -> 48 -> 31 -> 44 -> 18 -> 40 -> 7 -> 8 -> 9 -> 32 -> 17 -> 2 -> 16 -> 41 -> 6 -> 1 -> 29 -> 28 -> 43 -> 24 -> 42 -> 50 -> 10 -> 51 -> 12 -> 13 -> 46,9215.073971858956
78,81,0.32701732714805587,1.5118711718816134,3.81145018998593,0.04299716444743405,16 -> 20 -> 30 -> 17 -> 21 -> 0 -> 48 -> 34 -> 35 -> 38 -> 39 -> 36 -> 37 -> 47 -> 23 -> 4 -> 14 -> 5 -> 3 -> 24 -> 11 -> 27 -> 26 -> 25 -> 46 -> 12 -> 13 -> 51 -> 10 -> 50 -> 22 -> 19 -> 49 -> 28 -> 43 -> 33 -> 31 -> 44 -> 18 -> 40 -> 7 -> 9 -> 8 -> 32 -> 42 -> 45 -> 15 -> 29 -> 6 -> 1 -> 41 -> 2 -> 16,9303.50091940966
81,170,0.32466748986171434,1.5662717906402266,3.9251972510441195,0.03271688561694217,23 -> 47 -> 4 -> 14 -> 5 -> 37 -> 36 -> 39 -> 38 -> 35 -> 33 -> 34 -> 48 -> 0 -> 21 -> 31 -> 17 -> 20 -> 30 -> 22 -> 19 -> 49 -> 15 -> 43 -> 45 -> 24 -> 3 -> 40 -> 7 -> 9 -> 8 -> 18 -> 44 -> 2 -> 16 -> 1 -> 6 -> 41 -> 29 -> 28 -> 46 -> 25 -> 27 -> 26 -> 12 -> 13 -> 51 -> 10 -> 50 -> 11 -> 32 -> 42 -> 23,8897.121624411579
78,170,0.33417374624200163,1.5639258001989678,3.8468139864186157,0.04315945421429189,4 -> 14 -> 5 -> 23 -> 47 -> 37 -> 39 -> 36 -> 38 -> 35 -> 34 -> 33 -> 0 -> 31 -> 48 -> 21 -> 30 -> 17 -> 19 -> 49 -> 15 -> 43 -> 45 -> 28 -> 22 -> 20 -> 29 -> 6 -> 1 -> 41 -> 16 -> 2 -> 44 -> 18 -> 40 -> 7 -> 9 -> 8 -> 42 -> 3 -> 24 -> 11 -> 27 -> 26 -> 25 -> 46 -> 12 -> 13 -> 51 -> 10 -> 50 -> 32 -> 4,8826.097638887828
84,170,0.25496148783565475,1.6323360612332278,3.9441518954948243,0.04713076993769598,47 -> 23 -> 4 -> 14 -> 5 -> 3 -> 24 -> 45 -> 36 -> 39 -> 37 -> 38 -> 33 -> 35 -> 34 -> 43 -> 48 -> 31 -> 21 -> 0 -> 17 -> 30 -> 20 -> 22 -> 19 -> 49 -> 15 -> 28 -> 29 -> 41 -> 6 -> 1 -> 16 -> 2 -> 44 -> 18 -> 40 -> 7 -> 9 -> 8 -> 42 -> 32 -> 50 -> 10 -> 12 -> 27 -> 26 -> 25 -> 46 -> 13 -> 51 -> 11 -> 47,8837.509934196398
72,170,0.3610510153149787,1.5372476503537729,3.8748095548567907,0.03521760029658361,43 -> 33 -> 34 -> 35 -> 38 -> 36 -> 39 -> 18 -> 44 -> 31 -> 48 -> 0 -> 17 -> 21 -> 30 -> 22 -> 19 -> 49 -> 15 -> 37 -> 14 -> 4 -> 23 -> 47 -> 5 -> 3 -> 24 -> 45 -> 27 -> 26 -> 25 -> 46 -> 12 -> 13 -> 51 -> 10 -> 50 -> 11 -> 32 -> 42 -> 8 -> 9 -> 7 -> 40 -> 2 -> 16 -> 1 -> 6 -> 41 -> 20 -> 29 -> 28 -> 43,8999.392671188909
73,170,0.3637125272728969,1.4785731197015748,3.81746460548658,0.0493809734864828,1 -> 6 -> 41 -> 20 -> 0 -> 21 -> 22 -> 49 -> 19 -> 43 -> 34 -> 35 -> 33 -> 38 -> 39 -> 37 -> 36 -> 47 -> 23 -> 4 -> 14 -> 3 -> 5 -> 24 -> 45 -> 15 -> 31 -> 48 -> 44 -> 18 -> 40 -> 7 -> 8 -> 9 -> 42 -> 32 -> 10 -> 50 -> 11 -> 27 -> 26 -> 25 -> 12 -> 51 -> 13 -> 46 -> 28 -> 29 -> 30 -> 17 -> 2 -> 16 -> 1,8932.836562091823
75,170,0.260060930453183,1.4503644501984307,3.9961228583950033,0.03749916997250404,3 -> 5 -> 14 -> 4 -> 23 -> 47 -> 36 -> 37 -> 39 -> 38 -> 35 -> 34 -> 33 -> 43 -> 49 -> 19 -> 22 -> 30 -> 21 -> 0 -> 48 -> 31 -> 44 -> 18 -> 40 -> 7 -> 9 -> 8 -> 45 -> 15 -> 28 -> 29 -> 41 -> 6 -> 1 -> 20 -> 16 -> 2 -> 17 -> 24 -> 11 -> 27 -> 26 -> 25 -> 46 -> 12 -> 13 -> 51 -> 10 -> 50 -> 32 -> 42 -> 3,8703.273955591523
83,170,0.3275595839983034,1.5516413585983961,3.9058908357932904,0.03342452373848661,4 -> 14 -> 5 -> 23 -> 47 -> 36 -> 37 -> 39 -> 38 -> 34 -> 35 -> 33 -> 43 -> 45 -> 24 -> 3 -> 27 -> 26 -> 25 -> 46 -> 12 -> 13 -> 51 -> 10 -> 50 -> 11 -> 18 -> 44 -> 31 -> 48 -> 0 -> 21 -> 30 -> 17 -> 20 -> 22 -> 19 -> 49 -> 15 -> 28 -> 29 -> 41 -> 6 -> 1 -> 16 -> 2 -> 40 -> 7 -> 8 -> 9 -> 42 -> 32 -> 4,8915.527571996814
86,170,0.2558942146887857,1.5906476053129055,3.9682020511628116,0.036706284116016334,9 -> 8 -> 7 -> 40 -> 18 -> 44 -> 31 -> 21 -> 30 -> 17 -> 0 -> 48 -> 35 -> 34 -> 33 -> 38 -> 39 -> 23 -> 47 -> 36 -> 37 -> 4 -> 14 -> 5 -> 3 -> 24 -> 45 -> 43 -> 15 -> 49 -> 19 -> 22 -> 29 -> 20 -> 2 -> 16 -> 41 -> 6 -> 1 -> 28 -> 25 -> 27 -> 26 -> 46 -> 13 -> 51 -> 12 -> 10 -> 11 -> 50 -> 32 -> 42 -> 9,8902.901033200096
79,170,0.3676630720946478,1.6205144732663035,3.915317525803621,0.04339069885517945,14 -> 4 -> 5 -> 23 -> 47 -> 3 -> 24 -> 36 -> 39 -> 38 -> 35 -> 34 -> 33 -> 48 -> 0 -> 21 -> 31 -> 17 -> 30 -> 22 -> 19 -> 49 -> 43 -> 37 -> 45 -> 15 -> 28 -> 29 -> 20 -> 41 -> 6 -> 1 -> 16 -> 2 -> 40 -> 7 -> 44 -> 18 -> 8 -> 9 -> 42 -> 32 -> 50 -> 11 -> 27 -> 26 -> 25 -> 46 -> 12 -> 13 -> 51 -> 10 -> 14,8994.771493741768
72,170,0.33944952379383664,1.5852589977974294,3.968491238257286,0.03629411455205127,9 -> 8 -> 7 -> 40 -> 18 -> 44 -> 31 -> 48 -> 0 -> 21 -> 35 -> 34 -> 33 -> 43 -> 36 -> 39 -> 23 -> 47 -> 4 -> 14 -> 38 -> 24 -> 5 -> 3 -> 37 -> 45 -> 15 -> 49 -> 19 -> 22 -> 20 -> 30 -> 17 -> 2 -> 16 -> 6 -> 1 -> 41 -> 29 -> 28 -> 11 -> 27 -> 26 -> 25 -> 46 -> 12 -> 13 -> 51 -> 10 -> 50 -> 32 -> 42 -> 9,8668.447462661987
74,170,0.2601249048965143,1.571536313199991,3.9897459416550283,0.05162462006515549,8 -> 9 -> 7 -> 40 -> 18 -> 44 -> 31 -> 48 -> 33 -> 35 -> 34 -> 37 -> 39 -> 38 -> 36 -> 47 -> 23 -> 4 -> 14 -> 5 -> 3 -> 24 -> 45 -> 43 -> 15 -> 49 -> 19 -> 22 -> 30 -> 17 -> 21 -> 0 -> 2 -> 16 -> 20 -> 6 -> 1 -> 41 -> 29 -> 28 -> 46 -> 25 -> 26 -> 27 -> 12 -> 51 -> 13 -> 11 -> 50 -> 10 -> 32 -> 42 -> 8,8806.423979154231
84,170,0.2595925084348802,1.5910064239214619,3.981117496387844,0.05097607599320063,3 -> 14 -> 4 -> 5 -> 23 -> 47 -> 37 -> 39 -> 38 -> 36 -> 45 -> 43 -> 34 -> 35 -> 33 -> 31 -> 48 -> 0 -> 21 -> 30 -> 17 -> 2 -> 16 -> 20 -> 6 -> 1 -> 41 -> 29 -> 22 -> 19 -> 49 -> 15 -> 28 -> 24 -> 50 -> 11 -> 27 -> 26 -> 25 -> 46 -> 12 -> 13 -> 51 -> 10 -> 32 -> 42 -> 8 -> 9 -> 40 -> 7 -> 18 -> 44 -> 3,8802.597192589796
82,170,0.3571565690991274,1.5170867144078986,3.8919214077258943,0.0408446150037758,22 -> 19 -> 49 -> 35 -> 34 -> 33 -> 48 -> 0 -> 21 -> 31 -> 36 -> 23 -> 47 -> 37 -> 39 -> 38 -> 43 -> 5 -> 4 -> 14 -> 3 -> 24 -> 11 -> 27 -> 26 -> 25 -> 46 -> 12 -> 13 -> 51 -> 10 -> 50 -> 32 -> 42 -> 44 -> 18 -> 7 -> 40 -> 9 -> 8 -> 2 -> 17 -> 30 -> 20 -> 16 -> 1 -> 6 -> 41 -> 29 -> 28 -> 15 -> 45 -> 22,8961.666101617186
72,170,0.30681980972144796,1.5015819744412482,3.909242380779616,0.0324865423685155,6 -> 1 -> 41 -> 21 -> 0 -> 48 -> 31 -> 34 -> 35 -> 33 -> 38 -> 39 -> 37 -> 36 -> 4 -> 23 -> 47 -> 14 -> 5 -> 3 -> 24 -> 45 -> 11 -> 27 -> 26 -> 25 -> 46 -> 12 -> 13 -> 51 -> 10 -> 50 -> 32 -> 42 -> 8 -> 9 -> 7 -> 40 -> 18 -> 44 -> 17 -> 30 -> 20 -> 22 -> 19 -> 49 -> 15 -> 43 -> 28 -> 29 -> 2 -> 16 -> 6,8854.964657027846
82,170,0.348954781564583,1.4964856097751547,3.832967620783553,0.04723659895303116,1 -> 6 -> 41 -> 20 -> 30 -> 17 -> 0 -> 21 -> 31 -> 48 -> 35 -> 34 -> 33 -> 38 -> 36 -> 37 -> 39 -> 14 -> 4 -> 5 -> 23 -> 47 -> 3 -> 24 -> 45 -> 43 -> 49 -> 19 -> 22 -> 29 -> 28 -> 15 -> 46 -> 25 -> 26 -> 27 -> 11 -> 10 -> 51 -> 13 -> 12 -> 50 -> 32 -> 42 -> 9 -> 8 -> 7 -> 40 -> 18 -> 44 -> 2 -> 16 -> 1,8595.307130876847
81,170,0.2676735154275521,1.4478311103522514,3.945268908298494,0.04097775922221604,14 -> 4 -> 5 -> 23 -> 47 -> 36 -> 39 -> 37 -> 45 -> 34 -> 33 -> 35 -> 38 -> 31 -> 21 -> 0 -> 48 -> 44 -> 18 -> 40 -> 7 -> 8 -> 9 -> 32 -> 42 -> 43 -> 15 -> 28 -> 49 -> 19 -> 29 -> 22 -> 20 -> 6 -> 1 -> 41 -> 16 -> 2 -> 30 -> 17 -> 3 -> 24 -> 11 -> 27 -> 26 -> 25 -> 46 -> 12 -> 13 -> 51 -> 10 -> 50 -> 14,9142.759187375766
81,170,0.3307461093238797,1.640651537453145,3.8459828863797236,0.048831061697500226,4 -> 5 -> 37 -> 39 -> 36 -> 47 -> 23 -> 38 -> 35 -> 34 -> 33 -> 43 -> 15 -> 21 -> 0 -> 48 -> 31 -> 17 -> 30 -> 20 -> 22 -> 49 -> 19 -> 28 -> 29 -> 41 -> 1 -> 6 -> 16 -> 2 -> 44 -> 18 -> 40 -> 7 -> 9 -> 8 -> 32 -> 50 -> 11 -> 26 -> 27 -> 25 -> 46 -> 12 -> 13 -> 51 -> 10 -> 45 -> 14 -> 3 -> 24 -> 42 -> 4,9227.462036941153
82,170,0.27764993898017504,1.5216209524509392,3.9781242527771603,0.03796220913887291,20 -> 17 -> 30 -> 21 -> 0 -> 48 -> 31 -> 39 -> 47 -> 4 -> 23 -> 5 -> 14 -> 37 -> 34 -> 35 -> 33 -> 38 -> 36 -> 45 -> 15 -> 19 -> 49 -> 22 -> 29 -> 41 -> 6 -> 1 -> 16 -> 2 -> 44 -> 18 -> 40 -> 7 -> 8 -> 9 -> 42 -> 3 -> 24 -> 11 -> 27 -> 26 -> 25 -> 46 -> 12 -> 13 -> 51 -> 10 -> 50 -> 32 -> 43 -> 28 -> 20,9103.862263206727
81,120,0.27072162046355636,1.5800916541439682,3.8629973103198068,0.03966829414981052,8 -> 9 -> 7 -> 40 -> 18 -> 44 -> 31 -> 38 -> 35 -> 34 -> 33 -> 43 -> 48 -> 0 -> 21 -> 47 -> 23 -> 4 -> 14 -> 5 -> 3 -> 24 -> 37 -> 39 -> 36 -> 45 -> 15 -> 49 -> 19 -> 22 -> 29 -> 20 -> 30 -> 17 -> 2 -> 16 -> 1 -> 6 -> 41 -> 28 -> 46 -> 25 -> 27 -> 26 -> 12 -> 13 -> 51 -> 10 -> 11 -> 50 -> 42 -> 32 -> 8,8934.852242568717
81,120,0.2816299717189783,1.4690276742039727,3.8590098573503946,0.050251571249108555,45 -> 47 -> 23 -> 4 -> 14 -> 5 -> 37 -> 39 -> 38 -> 48 -> 34 -> 33 -> 35 -> 0 -> 21 -> 31 -> 2 -> 17 -> 30 -> 20 -> 22 -> 19 -> 49 -> 28 -> 15 -> 43 -> 36 -> 3 -> 24 -> 11 -> 27 -> 26 -> 25 -> 46 -> 12 -> 13 -> 51 -> 10 -> 50 -> 32 -> 42 -> 9 -> 8 -> 7 -> 40 -> 18 -> 44 -> 16 -> 6 -> 1 -> 41 -> 29 -> 45,8665.720884821336
83,120,0.3615250269101302,1.5031419118675209,3.9853937798748555,0.04799778384837469,12 -> 26 -> 25 -> 46 -> 27 -> 11 -> 50 -> 24 -> 3 -> 5 -> 4 -> 14 -> 23 -> 47 -> 37 -> 39 -> 36 -> 38 -> 33 -> 35 -> 34 -> 43 -> 15 -> 49 -> 19 -> 22 -> 20 -> 17 -> 30 -> 21 -> 0 -> 48 -> 31 -> 44 -> 18 -> 40 -> 7 -> 8 -> 9 -> 2 -> 16 -> 6 -> 1 -> 41 -> 29 -> 28 -> 45 -> 42 -> 32 -> 10 -> 51 -> 13 -> 12,8737.78695078071
79,120,0.2682891799400801,1.500179229939633,3.902075422232966,0.045206289273530334,8 -> 9 -> 7 -> 40 -> 18 -> 44 -> 48 -> 34 -> 35 -> 33 -> 36 -> 37 -> 39 -> 38 -> 23 -> 47 -> 14 -> 4 -> 5 -> 3 -> 24 -> 11 -> 27 -> 26 -> 25 -> 46 -> 12 -> 13 -> 51 -> 10 -> 50 -> 45 -> 43 -> 15 -> 49 -> 28 -> 29 -> 19 -> 30 -> 17 -> 31 -> 0 -> 21 -> 22 -> 41 -> 6 -> 1 -> 20 -> 16 -> 2 -> 42 -> 32 -> 8,9124.369304846556
75,120,0.30748851769055296,1.6121905782043264,3.9890970409713633,0.03400300682220018,5 -> 4 -> 14 -> 37 -> 47 -> 23 -> 39 -> 36 -> 38 -> 34 -> 35 -> 33 -> 45 -> 43 -> 0 -> 21 -> 30 -> 17 -> 2 -> 48 -> 31 -> 22 -> 19 -> 49 -> 15 -> 28 -> 29 -> 1 -> 6 -> 41 -> 20 -> 16 -> 44 -> 18 -> 40 -> 7 -> 8 -> 9 -> 42 -> 3 -> 24 -> 50 -> 11 -> 27 -> 26 -> 25 -> 46 -> 12 -> 13 -> 51 -> 10 -> 32 -> 5,8960.632355497666
86,120,0.3619311728394645,1.490493865582653,3.917964955589239,0.04064564523162835,26 -> 12 -> 13 -> 51 -> 10 -> 50 -> 11 -> 14 -> 4 -> 5 -> 23 -> 47 -> 39 -> 37 -> 36 -> 38 -> 35 -> 34 -> 33 -> 43 -> 20 -> 17 -> 30 -> 21 -> 0 -> 48 -> 31 -> 44 -> 18 -> 40 -> 7 -> 9 -> 8 -> 32 -> 42 -> 3 -> 24 -> 45 -> 15 -> 49 -> 19 -> 22 -> 2 -> 16 -> 6 -> 1 -> 41 -> 29 -> 28 -> 25 -> 46 -> 27 -> 26,8903.768625625486
73,120,0.3442518504267722,1.5992458970125865,3.84589590684988,0.032332836466730665,9 -> 8 -> 7 -> 40 -> 18 -> 31 -> 48 -> 37 -> 33 -> 34 -> 35 -> 38 -> 36 -> 39 -> 4 -> 14 -> 23 -> 47 -> 5 -> 3 -> 24 -> 27 -> 25 -> 26 -> 11 -> 50 -> 10 -> 51 -> 12 -> 13 -> 46 -> 28 -> 29 -> 49 -> 19 -> 22 -> 15 -> 45 -> 43 -> 0 -> 21 -> 17 -> 30 -> 20 -> 1 -> 6 -> 41 -> 16 -> 2 -> 44 -> 42 -> 32 -> 9,8995.908387111269
79,120,0.3225675547741094,1.4985931800736814,3.80317868390347,0.03891199474863397,3 -> 5 -> 4 -> 14 -> 33 -> 34 -> 35 -> 38 -> 39 -> 37 -> 23 -> 47 -> 36 -> 48 -> 0 -> 21 -> 17 -> 30 -> 22 -> 19 -> 49 -> 28 -> 43 -> 15 -> 45 -> 24 -> 50 -> 11 -> 27 -> 26 -> 25 -> 46 -> 13 -> 12 -> 51 -> 10 -> 32 -> 42 -> 9 -> 8 -> 7 -> 40 -> 18 -> 44 -> 31 -> 2 -> 16 -> 20 -> 29 -> 1 -> 6 -> 41 -> 3,9193.4247999628
73,120,0.3224082031726223,1.5589056699099721,3.934838937405442,0.05071646622374683,7 -> 40 -> 18 -> 44 -> 23 -> 47 -> 37 -> 14 -> 4 -> 5 -> 3 -> 24 -> 45 -> 36 -> 39 -> 38 -> 35 -> 34 -> 33 -> 43 -> 48 -> 31 -> 21 -> 0 -> 22 -> 20 -> 30 -> 17 -> 2 -> 16 -> 6 -> 1 -> 41 -> 29 -> 19 -> 49 -> 28 -> 15 -> 27 -> 11 -> 50 -> 46 -> 25 -> 26 -> 12 -> 13 -> 51 -> 10 -> 32 -> 42 -> 9 -> 8 -> 7,8964.354248384625
84,120,0.45995473997868463,1.712291563508315,3.9716461701988943,0.04149309142341548,9 -> 8 -> 7 -> 40 -> 18 -> 44 -> 31 -> 48 -> 33 -> 34 -> 35 -> 38 -> 36 -> 37 -> 4 -> 14 -> 5 -> 23 -> 47 -> 39 -> 43 -> 15 -> 49 -> 19 -> 22 -> 20 -> 17 -> 21 -> 0 -> 30 -> 2 -> 16 -> 1 -> 6 -> 41 -> 29 -> 28 -> 27 -> 26 -> 25 -> 46 -> 12 -> 13 -> 51 -> 10 -> 50 -> 11 -> 45 -> 24 -> 3 -> 42 -> 32 -> 9,8691.008073202784
84,120,0.3254839590894474,1.5418903410427858,4.066557690136913,0.04955540767048242,9 -> 8 -> 7 -> 40 -> 18 -> 44 -> 31 -> 48 -> 35 -> 33 -> 34 -> 38 -> 39 -> 37 -> 21 -> 0 -> 49 -> 19 -> 22 -> 20 -> 30 -> 17 -> 2 -> 16 -> 6 -> 1 -> 41 -> 29 -> 28 -> 15 -> 43 -> 23 -> 4 -> 14 -> 36 -> 47 -> 5 -> 3 -> 24 -> 45 -> 27 -> 26 -> 25 -> 46 -> 12 -> 13 -> 51 -> 10 -> 50 -> 11 -> 42 -> 32 -> 9,8663.81655818492
86,120,0.3078047698450097,1.3946327156937057,4.004959461878944,0.04963740270782984,33 -> 34 -> 35 -> 42 -> 9 -> 8 -> 7 -> 40 -> 18 -> 44 -> 31 -> 48 -> 21 -> 0 -> 43 -> 15 -> 49 -> 19 -> 22 -> 20 -> 30 -> 17 -> 2 -> 16 -> 6 -> 1 -> 41 -> 29 -> 28 -> 37 -> 39 -> 38 -> 36 -> 47 -> 23 -> 4 -> 5 -> 3 -> 14 -> 24 -> 45 -> 11 -> 27 -> 26 -> 25 -> 46 -> 13 -> 12 -> 51 -> 10 -> 50 -> 32 -> 33,9051.368191821139
74,120,0.4077160862312187,1.6219624016995142,3.7464569070055496,0.04850655831855804,9 -> 8 -> 18 -> 7 -> 40 -> 44 -> 48 -> 33 -> 35 -> 34 -> 38 -> 37 -> 4 -> 14 -> 5 -> 3 -> 23 -> 47 -> 36 -> 39 -> 43 -> 31 -> 21 -> 0 -> 30 -> 17 -> 2 -> 16 -> 20 -> 1 -> 6 -> 41 -> 49 -> 19 -> 22 -> 29 -> 28 -> 46 -> 25 -> 27 -> 26 -> 12 -> 13 -> 51 -> 10 -> 50 -> 11 -> 24 -> 45 -> 15 -> 42 -> 32 -> 9,9158.101879320353
84,120,0.40769701928160795,1.6972545243911252,3.8542689730459005,0.042295279171943305,49 -> 19 -> 15 -> 43 -> 34 -> 33 -> 38 -> 35 -> 0 -> 48 -> 31 -> 21 -> 17 -> 22 -> 30 -> 44 -> 18 -> 40 -> 7 -> 8 -> 9 -> 42 -> 3 -> 5 -> 4 -> 14 -> 47 -> 23 -> 39 -> 36 -> 37 -> 45 -> 24 -> 11 -> 27 -> 25 -> 46 -> 12 -> 26 -> 13 -> 51 -> 10 -> 50 -> 32 -> 2 -> 16 -> 41 -> 6 -> 1 -> 20 -> 29 -> 28 -> 49,9315.184395415568
82,120,0.16909669558063756,1.6591035282522517,4.085222955164642,0.044264977960001055,0 -> 21 -> 31 -> 48 -> 35 -> 33 -> 34 -> 43 -> 38 -> 39 -> 36 -> 37 -> 47 -> 23 -> 4 -> 5 -> 14 -> 3 -> 24 -> 45 -> 15 -> 49 -> 19 -> 22 -> 17 -> 30 -> 20 -> 1 -> 6 -> 41 -> 29 -> 28 -> 11 -> 26 -> 27 -> 25 -> 46 -> 12 -> 13 -> 51 -> 10 -> 50 -> 32 -> 42 -> 9 -> 8 -> 7 -> 40 -> 18 -> 44 -> 16 -> 2 -> 0,8746.503069578055
83,120,0.24130482872795359,1.3766079488547704,3.9289326287445747,0.049993857161415765,0 -> 21 -> 31 -> 48 -> 35 -> 34 -> 33 -> 38 -> 39 -> 37 -> 47 -> 23 -> 4 -> 14 -> 3 -> 24 -> 5 -> 36 -> 43 -> 15 -> 49 -> 19 -> 22 -> 30 -> 17 -> 2 -> 44 -> 18 -> 40 -> 7 -> 9 -> 8 -> 42 -> 32 -> 50 -> 11 -> 27 -> 26 -> 12 -> 13 -> 51 -> 10 -> 25 -> 46 -> 28 -> 29 -> 6 -> 1 -> 41 -> 20 -> 16 -> 45 -> 0,9019.655423526501
86,120,0.2589304097573342,1.3723676987536613,3.7369454700043816,0.04706948748161185,12 -> 26 -> 25 -> 27 -> 11 -> 24 -> 14 -> 4 -> 23 -> 47 -> 36 -> 39 -> 38 -> 35 -> 34 -> 33 -> 45 -> 43 -> 15 -> 49 -> 19 -> 22 -> 28 -> 29 -> 48 -> 31 -> 0 -> 21 -> 44 -> 8 -> 9 -> 7 -> 40 -> 18 -> 17 -> 30 -> 20 -> 41 -> 6 -> 1 -> 16 -> 2 -> 37 -> 5 -> 3 -> 42 -> 32 -> 50 -> 10 -> 51 -> 13 -> 46 -> 12,9225.850159540696
75,120,0.33822790125691243,1.347155474074235,3.7100532523852485,0.033598911988331065,12 -> 26 -> 27 -> 25 -> 23 -> 47 -> 4 -> 37 -> 39 -> 36 -> 14 -> 5 -> 3 -> 24 -> 45 -> 43 -> 33 -> 34 -> 35 -> 38 -> 21 -> 0 -> 31 -> 48 -> 20 -> 17 -> 30 -> 22 -> 19 -> 49 -> 15 -> 28 -> 29 -> 6 -> 1 -> 41 -> 16 -> 2 -> 44 -> 18 -> 7 -> 40 -> 8 -> 9 -> 42 -> 32 -> 50 -> 11 -> 10 -> 51 -> 13 -> 46 -> 12,8958.277926806231
74,120,0.40051040432316576,1.4691066854650554,4.058479279472993,0.04432550186912684,40 -> 18 -> 44 -> 38 -> 39 -> 37 -> 47 -> 23 -> 4 -> 14 -> 5 -> 3 -> 33 -> 34 -> 35 -> 0 -> 21 -> 31 -> 48 -> 43 -> 49 -> 19 -> 22 -> 30 -> 17 -> 2 -> 16 -> 20 -> 41 -> 6 -> 1 -> 29 -> 28 -> 15 -> 45 -> 36 -> 24 -> 11 -> 27 -> 26 -> 25 -> 46 -> 12 -> 13 -> 51 -> 10 -> 50 -> 32 -> 9 -> 8 -> 7 -> 42 -> 40,8789.733378627243
78,120,0.41715224882694846,1.404573957487056,4.0006780322436075,0.049709762679825235,11 -> 45 -> 35 -> 34 -> 33 -> 38 -> 39 -> 37 -> 14 -> 23 -> 47 -> 36 -> 4 -> 5 -> 3 -> 24 -> 43 -> 31 -> 48 -> 0 -> 21 -> 22 -> 19 -> 49 -> 15 -> 28 -> 29 -> 1 -> 6 -> 41 -> 20 -> 30 -> 17 -> 2 -> 16 -> 44 -> 18 -> 40 -> 7 -> 9 -> 8 -> 42 -> 32 -> 50 -> 27 -> 26 -> 25 -> 46 -> 12 -> 13 -> 51 -> 10 -> 11,8746.666673725933
78,120,0.24826450894906266,1.501471379676683,3.960025914532502,0.034673279915882156,5 -> 4 -> 14 -> 47 -> 23 -> 37 -> 36 -> 39 -> 38 -> 35 -> 34 -> 33 -> 43 -> 0 -> 21 -> 48 -> 31 -> 44 -> 18 -> 40 -> 7 -> 9 -> 8 -> 2 -> 17 -> 30 -> 20 -> 16 -> 41 -> 6 -> 1 -> 29 -> 28 -> 49 -> 19 -> 22 -> 15 -> 45 -> 24 -> 3 -> 42 -> 32 -> 27 -> 26 -> 25 -> 46 -> 12 -> 13 -> 51 -> 10 -> 50 -> 11 -> 5,8628.767815676774
84,120,0.23826511906429493,1.4049736584252197,4.067798570906011,0.04624239614532979,4 -> 5 -> 14 -> 36 -> 33 -> 34 -> 35 -> 38 -> 39 -> 37 -> 23 -> 47 -> 45 -> 43 -> 15 -> 28 -> 21 -> 0 -> 48 -> 31 -> 17 -> 30 -> 22 -> 19 -> 49 -> 29 -> 6 -> 1 -> 41 -> 20 -> 16 -> 2 -> 18 -> 44 -> 40 -> 7 -> 9 -> 8 -> 42 -> 3 -> 50 -> 11 -> 27 -> 26 -> 25 -> 46 -> 13 -> 12 -> 51 -> 10 -> 32 -> 24 -> 4,8993.186561624805
86,120,0.3797490031520277,1.3717725527700868,4.069902363634186,0.045273367427952266,27 -> 26 -> 25 -> 46 -> 12 -> 13 -> 51 -> 10 -> 11 -> 38 -> 35 -> 34 -> 33 -> 43 -> 15 -> 49 -> 19 -> 22 -> 30 -> 17 -> 21 -> 31 -> 48 -> 0 -> 36 -> 47 -> 23 -> 4 -> 14 -> 37 -> 39 -> 5 -> 3 -> 24 -> 45 -> 28 -> 29 -> 20 -> 6 -> 1 -> 41 -> 16 -> 2 -> 18 -> 44 -> 40 -> 7 -> 8 -> 9 -> 42 -> 32 -> 50 -> 27,8828.330571560564
76,120,0.20739966149814582,1.481929435829578,4.0542339052767575,0.04500642200348974,23 -> 47 -> 36 -> 37 -> 4 -> 14 -> 5 -> 3 -> 24 -> 45 -> 15 -> 28 -> 43 -> 33 -> 35 -> 34 -> 38 -> 39 -> 31 -> 48 -> 0 -> 21 -> 22 -> 19 -> 49 -> 29 -> 41 -> 6 -> 1 -> 20 -> 30 -> 17 -> 16 -> 2 -> 18 -> 7 -> 44 -> 40 -> 9 -> 8 -> 42 -> 32 -> 50 -> 11 -> 27 -> 26 -> 25 -> 46 -> 12 -> 13 -> 51 -> 10 -> 23,8956.69981690174
76,120,0.44503675341084126,1.509054482414974,3.9698856219641865,0.03387981222072243,36 -> 39 -> 37 -> 23 -> 47 -> 4 -> 5 -> 14 -> 35 -> 34 -> 33 -> 21 -> 0 -> 31 -> 48 -> 38 -> 43 -> 19 -> 49 -> 22 -> 30 -> 17 -> 2 -> 16 -> 20 -> 41 -> 6 -> 1 -> 29 -> 28 -> 15 -> 45 -> 44 -> 18 -> 40 -> 7 -> 8 -> 9 -> 42 -> 3 -> 24 -> 11 -> 27 -> 26 -> 25 -> 46 -> 13 -> 12 -> 51 -> 10 -> 50 -> 32 -> 36,8816.787030124795
78,120,0.3270578794433746,1.4955154695968917,4.009307520223938,0.0363689125864977,50 -> 24 -> 5 -> 4 -> 14 -> 37 -> 47 -> 23 -> 39 -> 38 -> 35 -> 34 -> 33 -> 43 -> 45 -> 36 -> 21 -> 0 -> 31 -> 48 -> 17 -> 30 -> 22 -> 19 -> 49 -> 15 -> 28 -> 29 -> 1 -> 6 -> 41 -> 20 -> 16 -> 2 -> 44 -> 18 -> 7 -> 40 -> 9 -> 8 -> 32 -> 42 -> 3 -> 11 -> 25 -> 26 -> 27 -> 46 -> 12 -> 13 -> 51 -> 10 -> 50,8842.122918597091
75,120,0.34476299965712265,1.3804713200408418,3.973909017359105,0.045561942226519714,14 -> 4 -> 5 -> 23 -> 47 -> 39 -> 36 -> 37 -> 38 -> 33 -> 34 -> 35 -> 0 -> 21 -> 31 -> 48 -> 44 -> 18 -> 40 -> 7 -> 9 -> 8 -> 28 -> 49 -> 19 -> 22 -> 30 -> 17 -> 2 -> 16 -> 20 -> 1 -> 6 -> 41 -> 29 -> 15 -> 43 -> 45 -> 3 -> 24 -> 11 -> 27 -> 26 -> 25 -> 46 -> 12 -> 13 -> 51 -> 10 -> 50 -> 32 -> 42 -> 14,8866.7092656168
84,120,0.24014186987020175,1.2733148899982423,4.165988936299587,0.045347773026270105,27 -> 26 -> 25 -> 46 -> 28 -> 49 -> 19 -> 22 -> 30 -> 17 -> 21 -> 0 -> 48 -> 31 -> 34 -> 35 -> 33 -> 38 -> 39 -> 36 -> 24 -> 3 -> 5 -> 4 -> 14 -> 37 -> 23 -> 47 -> 45 -> 43 -> 15 -> 29 -> 1 -> 6 -> 41 -> 20 -> 16 -> 2 -> 18 -> 44 -> 7 -> 40 -> 9 -> 8 -> 42 -> 32 -> 11 -> 50 -> 10 -> 51 -> 12 -> 13 -> 27,8701.150074689845
77,120,0.25934705179150014,1.3813766841432276,4.12882331566061,0.0336200085827274,3 -> 5 -> 4 -> 39 -> 37 -> 47 -> 23 -> 36 -> 38 -> 33 -> 34 -> 35 -> 43 -> 19 -> 49 -> 22 -> 20 -> 30 -> 21 -> 0 -> 48 -> 31 -> 44 -> 18 -> 40 -> 7 -> 8 -> 9 -> 17 -> 2 -> 16 -> 1 -> 6 -> 41 -> 29 -> 28 -> 15 -> 45 -> 14 -> 42 -> 32 -> 50 -> 11 -> 27 -> 26 -> 25 -> 46 -> 13 -> 12 -> 51 -> 10 -> 24 -> 3,8731.783744975864
72,120,0.4723160269450266,1.403206383495357,4.153134730204132,0.050241948626667456,50 -> 11 -> 24 -> 3 -> 5 -> 14 -> 4 -> 23 -> 47 -> 37 -> 36 -> 39 -> 38 -> 34 -> 35 -> 33 -> 43 -> 45 -> 15 -> 49 -> 19 -> 28 -> 30 -> 17 -> 21 -> 0 -> 48 -> 31 -> 20 -> 22 -> 29 -> 41 -> 6 -> 1 -> 16 -> 2 -> 18 -> 7 -> 40 -> 44 -> 9 -> 8 -> 32 -> 42 -> 26 -> 27 -> 25 -> 46 -> 12 -> 13 -> 51 -> 10 -> 50,9049.905538467225
77,120,0.28828801045967145,1.2795953910284248,4.078254093768917,0.05109738929436682,2 -> 17 -> 21 -> 0 -> 34 -> 35 -> 33 -> 38 -> 39 -> 4 -> 5 -> 14 -> 37 -> 36 -> 47 -> 23 -> 24 -> 3 -> 45 -> 49 -> 19 -> 22 -> 20 -> 30 -> 31 -> 48 -> 44 -> 18 -> 40 -> 7 -> 9 -> 8 -> 42 -> 32 -> 50 -> 11 -> 27 -> 26 -> 12 -> 13 -> 51 -> 10 -> 25 -> 46 -> 15 -> 43 -> 28 -> 29 -> 1 -> 6 -> 41 -> 16 -> 2,8995.898985199872
76,120,0.48264025187399784,1.2522159617824755,4.014421599961893,0.03284121756832951,7 -> 40 -> 44 -> 18 -> 35 -> 34 -> 33 -> 47 -> 23 -> 4 -> 14 -> 5 -> 36 -> 39 -> 37 -> 38 -> 43 -> 15 -> 49 -> 19 -> 22 -> 21 -> 31 -> 48 -> 0 -> 30 -> 17 -> 2 -> 16 -> 41 -> 6 -> 1 -> 20 -> 29 -> 28 -> 45 -> 24 -> 3 -> 11 -> 27 -> 26 -> 25 -> 46 -> 12 -> 13 -> 51 -> 10 -> 50 -> 32 -> 42 -> 9 -> 8 -> 7,8570.652336982459
83,120,0.4434958682791329,1.3885497050827385,4.015309808079299,0.03842713173193778,17 -> 21 -> 30 -> 35 -> 34 -> 33 -> 38 -> 37 -> 36 -> 39 -> 23 -> 47 -> 4 -> 14 -> 5 -> 3 -> 24 -> 45 -> 43 -> 15 -> 49 -> 19 -> 22 -> 0 -> 48 -> 31 -> 44 -> 18 -> 40 -> 7 -> 9 -> 8 -> 42 -> 32 -> 50 -> 11 -> 27 -> 25 -> 46 -> 13 -> 51 -> 12 -> 26 -> 10 -> 28 -> 29 -> 6 -> 1 -> 41 -> 20 -> 16 -> 2 -> 17,9009.989667413927
78,120,0.2571262244691125,1.316356820494574,4.090166086027136,0.033043358289870414,15 -> 45 -> 47 -> 23 -> 4 -> 5 -> 14 -> 37 -> 3 -> 24 -> 11 -> 27 -> 26 -> 12 -> 25 -> 46 -> 13 -> 51 -> 10 -> 50 -> 32 -> 9 -> 8 -> 7 -> 40 -> 18 -> 44 -> 42 -> 39 -> 36 -> 34 -> 35 -> 38 -> 33 -> 43 -> 30 -> 17 -> 0 -> 21 -> 31 -> 48 -> 2 -> 16 -> 20 -> 41 -> 6 -> 1 -> 29 -> 19 -> 49 -> 22 -> 28 -> 15,8815.788772037384
86,120,0.2817970452880837,1.4091589404520395,4.138956938797007,0.038340532044300886,19 -> 49 -> 22 -> 48 -> 34 -> 35 -> 33 -> 36 -> 39 -> 47 -> 23 -> 4 -> 14 -> 3 -> 24 -> 45 -> 43 -> 0 -> 21 -> 17 -> 30 -> 2 -> 31 -> 38 -> 37 -> 5 -> 11 -> 27 -> 26 -> 25 -> 46 -> 12 -> 13 -> 51 -> 10 -> 50 -> 32 -> 42 -> 8 -> 9 -> 7 -> 40 -> 18 -> 44 -> 16 -> 1 -> 6 -> 41 -> 20 -> 29 -> 28 -> 15 -> 19,8906.008026582103
86,120,0.2750069651559335,1.3432336872333444,4.047750045068232,0.03914382924736931,30 -> 17 -> 21 -> 48 -> 0 -> 35 -> 34 -> 33 -> 38 -> 36 -> 39 -> 37 -> 31 -> 22 -> 49 -> 19 -> 15 -> 45 -> 43 -> 14 -> 4 -> 23 -> 47 -> 5 -> 3 -> 24 -> 11 -> 27 -> 26 -> 25 -> 46 -> 13 -> 12 -> 51 -> 10 -> 50 -> 32 -> 42 -> 18 -> 44 -> 40 -> 7 -> 8 -> 9 -> 2 -> 16 -> 1 -> 6 -> 41 -> 20 -> 29 -> 28 -> 30,9080.230432503697
80,120,0.45964094041799974,1.3587688962388635,4.093270942224118,0.05023994783066487,17 -> 21 -> 0 -> 48 -> 34 -> 35 -> 33 -> 43 -> 45 -> 47 -> 23 -> 4 -> 37 -> 39 -> 38 -> 36 -> 5 -> 14 -> 3 -> 24 -> 11 -> 50 -> 27 -> 26 -> 25 -> 46 -> 12 -> 13 -> 51 -> 10 -> 32 -> 42 -> 9 -> 8 -> 7 -> 40 -> 18 -> 44 -> 31 -> 30 -> 20 -> 22 -> 19 -> 49 -> 15 -> 28 -> 29 -> 6 -> 1 -> 41 -> 16 -> 2 -> 17,8307.229059407397
75,120,0.4787918930816104,1.3679550151327198,4.071713634841314,0.041038209864348155,9 -> 8 -> 40 -> 7 -> 18 -> 44 -> 38 -> 35 -> 34 -> 33 -> 36 -> 37 -> 39 -> 23 -> 47 -> 4 -> 14 -> 5 -> 3 -> 24 -> 45 -> 43 -> 0 -> 48 -> 31 -> 21 -> 17 -> 2 -> 16 -> 1 -> 6 -> 41 -> 20 -> 30 -> 22 -> 49 -> 19 -> 29 -> 28 -> 15 -> 26 -> 27 -> 25 -> 46 -> 13 -> 12 -> 51 -> 10 -> 50 -> 11 -> 42 -> 32 -> 9,8733.592889183563
72,120,0.16253002736427258,1.3529626172031088,4.026401719478065,0.046168917172143026,37 -> 39 -> 36 -> 23 -> 47 -> 4 -> 14 -> 5 -> 3 -> 24 -> 45 -> 43 -> 33 -> 34 -> 35 -> 38 -> 48 -> 31 -> 21 -> 0 -> 30 -> 17 -> 22 -> 19 -> 49 -> 15 -> 28 -> 29 -> 20 -> 41 -> 6 -> 1 -> 16 -> 2 -> 18 -> 44 -> 40 -> 7 -> 8 -> 9 -> 42 -> 32 -> 50 -> 25 -> 26 -> 27 -> 11 -> 10 -> 51 -> 12 -> 13 -> 46 -> 37,8929.870725054208
79,120,0.2900409477014757,1.4377600727320368,4.014108238937244,0.036852753068036,9 -> 8 -> 7 -> 40 -> 18 -> 44 -> 38 -> 34 -> 33 -> 35 -> 36 -> 39 -> 37 -> 14 -> 4 -> 23 -> 47 -> 5 -> 3 -> 24 -> 45 -> 43 -> 0 -> 21 -> 31 -> 48 -> 17 -> 30 -> 2 -> 16 -> 20 -> 41 -> 6 -> 1 -> 29 -> 19 -> 49 -> 28 -> 15 -> 22 -> 11 -> 27 -> 26 -> 25 -> 46 -> 12 -> 13 -> 51 -> 10 -> 50 -> 32 -> 42 -> 9,8705.433572729407
83,120,0.2968513257121573,1.3622061593158996,4.039900326545908,0.04517723596109799,32 -> 42 -> 3 -> 5 -> 4 -> 23 -> 47 -> 14 -> 37 -> 39 -> 36 -> 38 -> 35 -> 34 -> 33 -> 0 -> 21 -> 48 -> 31 -> 17 -> 30 -> 22 -> 19 -> 49 -> 15 -> 43 -> 24 -> 45 -> 28 -> 29 -> 6 -> 1 -> 41 -> 20 -> 16 -> 2 -> 44 -> 18 -> 7 -> 40 -> 8 -> 9 -> 50 -> 11 -> 27 -> 26 -> 25 -> 46 -> 13 -> 12 -> 51 -> 10 -> 32,8935.466994807985
75,120,0.25505322857691753,1.386804975124332,4.08846680139087,0.038820726215860316,17 -> 30 -> 0 -> 48 -> 38 -> 34 -> 33 -> 35 -> 37 -> 39 -> 36 -> 14 -> 4 -> 5 -> 23 -> 47 -> 45 -> 3 -> 24 -> 50 -> 11 -> 27 -> 25 -> 46 -> 26 -> 12 -> 13 -> 51 -> 10 -> 32 -> 42 -> 9 -> 8 -> 7 -> 40 -> 18 -> 44 -> 31 -> 21 -> 22 -> 19 -> 49 -> 15 -> 43 -> 29 -> 28 -> 20 -> 41 -> 6 -> 1 -> 16 -> 2 -> 17,8965.583038044559
84,120,0.4177874439134538,1.4007211574433294,4.048226694197733,0.048702341441633934,6 -> 1 -> 41 -> 29 -> 22 -> 19 -> 49 -> 15 -> 28 -> 43 -> 33 -> 34 -> 35 -> 0 -> 21 -> 48 -> 31 -> 44 -> 18 -> 40 -> 7 -> 8 -> 9 -> 42 -> 37 -> 23 -> 47 -> 4 -> 14 -> 5 -> 3 -> 24 -> 11 -> 27 -> 46 -> 25 -> 26 -> 13 -> 12 -> 51 -> 10 -> 50 -> 32 -> 39 -> 38 -> 36 -> 45 -> 30 -> 17 -> 2 -> 16 -> 20 -> 6,8894.513669258362
73,120,0.3050296913733953,1.3898585881289403,4.060682333311466,0.03524232220231624,17 -> 30 -> 21 -> 0 -> 48 -> 31 -> 35 -> 34 -> 33 -> 38 -> 36 -> 39 -> 37 -> 14 -> 5 -> 4 -> 23 -> 47 -> 45 -> 43 -> 15 -> 22 -> 19 -> 49 -> 28 -> 29 -> 20 -> 16 -> 6 -> 1 -> 41 -> 7 -> 40 -> 18 -> 44 -> 3 -> 24 -> 11 -> 27 -> 26 -> 25 -> 46 -> 12 -> 13 -> 51 -> 10 -> 50 -> 32 -> 42 -> 9 -> 8 -> 2 -> 17,9030.309239814287
77,120,0.2848321284909428,1.4219552573427379,4.042473643471877,0.048971717542879926,4 -> 47 -> 23 -> 37 -> 39 -> 36 -> 38 -> 35 -> 31 -> 48 -> 33 -> 34 -> 0 -> 21 -> 30 -> 17 -> 2 -> 44 -> 18 -> 7 -> 40 -> 8 -> 9 -> 42 -> 5 -> 14 -> 3 -> 50 -> 11 -> 27 -> 26 -> 25 -> 46 -> 12 -> 13 -> 51 -> 10 -> 32 -> 43 -> 49 -> 19 -> 22 -> 20 -> 16 -> 1 -> 6 -> 41 -> 29 -> 28 -> 15 -> 45 -> 24 -> 4,9142.386502477497
